"id","first_name","last_name","absence_percentage"
1604,"Eric","Matthews","0.14"
845,"Stephanie","Bush","0.14"
1854,"Kimberly","Haley","0.14"
662,"Samuel","Anderson","0.14"
1712,"Brenda","Morales","0.14"
14,"Pamela","Jackson","0.14"
1323,"Maureen","Norman","0.14"
1275,"Shawn","Cameron","0.14"
535,"Thomas","Clark","0.14"
1888,"Catherine","Coffey","0.14"
1722,"Kimberly","Shaw","0.14"
1250,"Susan","Wall","0.14"
833,"Brittany","Collier","0.14"
1777,"Bryan","Dorsey","0.14"
1067,"Kenneth","Mendez","0.14"
1239,"Dawn","Flores","0.14"
1480,"Jessica","Nolan","0.14"
1214,"Jennifer","Beck","0.14"
925,"David","Perez","0.14"
1536,"Brian","Garcia","0.14"
1999,"Brittany","Compton","0.14"
1092,"John","Wilson","0.14"
617,"Joshua","Kelly","0.14"
1373,"James","Tate","0.14"
892,"Sandra","Davis","0.14"
1765,"James","Hernandez","0.14"
1127,"David","Hartman","0.14"
488,"Brenda","Mooney","0.14"
1104,"John","Klein","0.14"
1117,"Samantha","Phillips","0.14"
489,"Angela","Allen","0.14"
941,"Maria","Malone","0.14"
1450,"Jonathan","Mckay","0.14"
809,"Molly","Jackson","0.14"
302,"Heather","Faulkner","0.14"
1599,"Cynthia","Weeks","0.14"
1364,"Stephanie","Jordan","0.14"
274,"Anthony","Martinez","0.14"
1477,"Joshua","Williams","0.14"
175,"Amanda","Murphy","0.14"
594,"Eric","Patton","0.14"
1556,"Carlos","Long","0.14"
1357,"Lauren","Arias","0.14"
875,"Cody","Smith","0.14"
693,"Ross","Esparza","0.14"
1840,"Cynthia","Hodges","0.14"
958,"Connor","Olson","0.14"
1959,"Dennis","Richardson","0.14"
1415,"Christina","Ramirez","0.14"
1350,"Sean","Malone","0.14"
1502,"Lisa","Franco","0.14"
915,"Heidi","Adams","0.14"
710,"James","Carter","0.14"
70,"Raymond","Shea","0.14"
854,"William","Hernandez","0.14"
1405,"Connor","Mitchell","0.14"
714,"Leah","Brown","0.14"
1349,"Rachel","Williams","0.14"
346,"David","Rice","0.14"
1978,"Kristin","Garcia","0.14"
1691,"Julie","Floyd","0.14"
366,"Francis","Nelson","0.14"
1001,"Brandon","Smith","0.14"
1913,"Bethany","Thomas","0.14"
73,"Louis","Edwards","0.14"
1002,"Nicole","Williams","0.14"
305,"Gina","Powell","0.14"
566,"Sherry","Brown","0.14"
374,"William","Ballard","0.14"
565,"John","Pacheco","0.14"
1003,"Rachel","Frye","0.14"
1522,"John","Powell","0.14"
639,"Maria","Campos","0.14"
749,"Ashley","Gutierrez","0.14"
732,"Jose","Jackson","0.14"
1605,"Tamara","Bennett","0.14"
673,"Michelle","Martinez","0.14"
1015,"Jackson","Smith","0.14"
846,"Keith","Tanner","0.14"
1021,"Michael","Carr","0.14"
1528,"Kayla","Bailey","0.14"
1330,"Anthony","Shah","0.14"
740,"Thomas","Cruz","0.14"
1325,"Christina","Martinez","0.14"
1824,"Luis","Little","0.14"
552,"Paul","Shaffer","0.14"
152,"Stephen","Rodriguez","0.14"
547,"Holly","Sexton","0.14"
974,"Suzanne","Morrow","0.12"
1905,"Roberto","Rodriguez","0.12"
1485,"Philip","Blair","0.12"
1632,"Alexander","Brown","0.12"
1491,"Stephanie","Jones","0.12"
1503,"Sarah","Snow","0.12"
3,"Tina","Andrews","0.12"
1602,"Jill","Davis","0.12"
813,"Tina","Bowers","0.12"
699,"James","Mcgee","0.12"
597,"Victoria","Thompson","0.12"
1545,"Justin","Morgan","0.12"
259,"Sheila","Wilkinson","0.12"
1578,"Anita","Carter","0.12"
1864,"John","Mitchell","0.12"
1887,"William","Smith","0.12"
666,"Donald","Coleman","0.12"
668,"John","George","0.12"
575,"Terry","Ashley","0.12"
572,"Michael","Schaefer","0.12"
721,"Maria","Hall","0.12"
1859,"Johnny","Gomez","0.12"
729,"Debra","Gutierrez","0.12"
1005,"Maureen","Jones","0.12"
558,"Courtney","Moreno","0.12"
544,"Kathryn","Hampton","0.12"
889,"Lawrence","Fields","0.12"
522,"Jenny","Washington","0.12"
1077,"Sheryl","Parker","0.12"
1084,"Kyle","Garcia","0.12"
112,"Erin","Jones","0.12"
1164,"Angel","Gilbert","0.12"
53,"Luke","Shannon","0.12"
1184,"Kenneth","Turner","0.12"
1189,"Jessica","Williams","0.12"
446,"Rhonda","Hall","0.12"
1220,"Linda","George","0.12"
1228,"Brittany","Henderson","0.12"
433,"Patrick","Ryan","0.12"
23,"Shannon","Simpson","0.12"
1723,"Colleen","Vargas","0.12"
1278,"Rachel","Jacobs","0.12"
395,"Timothy","Perez","0.12"
24,"Sean","Griffin","0.12"
913,"Valerie","Romero","0.12"
1338,"Carolyn","Reyes","0.12"
917,"Lee","Campbell","0.12"
1352,"Kevin","Diaz","0.12"
1360,"Nicole","Garcia","0.12"
828,"Kevin","Mack","0.12"
1391,"Bradley","Patel","0.12"
340,"James","Young","0.12"
335,"Brandon","Smith","0.12"
1653,"Beverly","Chavez","0.12"
1410,"Taylor","Waters","0.12"
1417,"Kevin","Jackson","0.12"
1492,"Rachel","Salas","0.11"
289,"Angela","Nelson","0.11"
147,"Mark","Young","0.11"
541,"Michelle","Owens","0.11"
343,"Wayne","Lane","0.11"
385,"Joseph","Johnson","0.11"
1040,"Derrick","Melton","0.11"
551,"Greg","Martin","0.11"
635,"Douglas","Hayes","0.11"
1030,"Aaron","Peterson","0.11"
909,"Ruben","Meyer","0.11"
1704,"Joel","Williams","0.11"
1697,"Jennifer","Lewis","0.11"
158,"Brian","Sanchez","0.11"
184,"Logan","Cox","0.11"
1331,"Aimee","Cook","0.11"
757,"Annette","Wells","0.11"
826,"Brent","Clements","0.11"
74,"Michael","Hodge","0.11"
1692,"Barry","Taylor","0.11"
569,"Brandon","Gonzales","0.11"
781,"Julia","Richmond","0.11"
988,"Corey","Taylor","0.11"
791,"Gregory","Welch","0.11"
293,"Pamela","Wilkinson","0.11"
665,"Amanda","Hawkins","0.11"
1124,"Mallory","Collins","0.11"
502,"Susan","Klein","0.11"
505,"Tamara","Olson","0.11"
477,"Jerry","Knight","0.11"
1977,"Lisa","Stafford","0.11"
1145,"Kathryn","Powell","0.11"
919,"Dorothy","Mitchell","0.11"
1486,"David","Jimenez","0.11"
1586,"Julie","Adkins","0.11"
1630,"Jessica","Jackson","0.11"
1549,"Nicholas","Shea","0.11"
1776,"Julie","Black","0.11"
1671,"Charlotte","Zuniga","0.11"
22,"Kyle","Willis","0.11"
1669,"Emma","Morris","0.11"
1464,"Zachary","Lucero","0.11"
526,"Erin","Miller","0.11"
1781,"Jessica","Smith","0.11"
1729,"Kimberly","Brooks","0.11"
1541,"Matthew","Chambers","0.11"
1063,"Janet","Morrison","0.11"
1268,"Joseph","Mcconnell","0.11"
928,"Charles","Owens","0.11"
1057,"Lacey","Norris","0.11"
1044,"Christopher","Lester","0.11"
873,"Patricia","Sullivan","0.10"
856,"Kevin","York","0.10"
850,"Lee","Taylor","0.10"
842,"David","Cole","0.10"
79,"Chelsea","Craig","0.10"
825,"Ryan","Soto","0.10"
817,"Jennifer","Bautista","0.10"
795,"Craig","Graham","0.10"
788,"Tyler","Calderon","0.10"
712,"Susan","Long","0.10"
786,"Robert","Campbell","0.10"
769,"Martha","Summers","0.10"
767,"April","Delgado","0.10"
83,"Carol","Snyder","0.10"
730,"Linda","West","0.10"
747,"Sarah","King","0.10"
736,"Beth","Acosta","0.10"
84,"Charles","Butler","0.10"
1808,"Rebecca","Huang","0.10"
1802,"Ricardo","Juarez","0.10"
13,"Patricia","Gomez","0.10"
105,"Emma","Wright","0.10"
1767,"Nicole","Lee","0.10"
1752,"Maria","Jones","0.10"
1730,"Carla","Lopez","0.10"
1705,"Daisy","Ellis","0.10"
159,"Dennis","Phillips","0.10"
167,"Laura","Reilly","0.10"
1684,"Andre","Graham","0.10"
1678,"David","Flores","0.10"
1668,"Nicholas","Conrad","0.10"
191,"Penny","Perez","0.10"
1646,"Stephen","Hawkins","0.10"
1633,"Thomas","Smith","0.10"
1625,"Christopher","Fleming","0.10"
1622,"Victoria","Perez","0.10"
1608,"Melissa","Mora","0.10"
223,"Charles","Robertson","0.10"
225,"Robert","Dougherty","0.10"
226,"Vanessa","Wheeler","0.10"
227,"Emily","Mcclure","0.10"
228,"Angela","Thomas","0.10"
1600,"Katherine","Turner","0.10"
230,"Christopher","Perez","0.10"
236,"Michael","Wright","0.10"
1584,"Aaron","Ware","0.10"
1576,"Jonathan","Carter","0.10"
1573,"Katherine","Reyes","0.10"
1572,"Paul","Miller","0.10"
1564,"Michael","James","0.10"
256,"Andrea","Sutton","0.10"
257,"Tracey","Turner","0.10"
258,"Tammy","Olsen","0.10"
1561,"Anna","Lane","0.10"
269,"Rachel","Hamilton","0.10"
272,"Melissa","Huerta","0.10"
277,"Kim","Flores","0.10"
281,"Brandi","Bauer","0.10"
1520,"Mary","Taylor","0.10"
287,"Penny","Zuniga","0.10"
1506,"Samantha","Hopkins","0.10"
1498,"David","Walters","0.10"
319,"Steven","Fox","0.10"
42,"Jesus","Rasmussen","0.10"
1459,"Michael","Smith","0.10"
1448,"Ronald","Diaz","0.10"
1425,"Roger","Dixon","0.10"
336,"Kenneth","Moody","0.10"
360,"Gary","Gray","0.10"
364,"Kristin","Johnson","0.10"
369,"Ashley","Mendez","0.10"
1341,"Margaret","Wells","0.10"
372,"Christine","Foster","0.10"
1337,"Kathleen","Simpson","0.10"
1333,"John","Jensen","0.10"
378,"Carla","Parker","0.10"
380,"Eric","Moran","0.10"
1329,"Jennifer","Johnson","0.10"
1322,"Julie","Little","0.10"
394,"Marc","Brock","0.10"
397,"Samantha","Clark","0.10"
404,"Douglas","Irwin","0.10"
418,"Matthew","Kramer","0.10"
1901,"Katherine","Norman","0.10"
1246,"Jesse","Johnson","0.10"
431,"Cheryl","Snyder","0.10"
1230,"Justin","Brooks","0.10"
443,"Tammie","Stanley","0.10"
1198,"Frank","Schmitt","0.10"
1195,"Randall","Wyatt","0.10"
453,"Nicholas","Johnson","0.10"
1193,"Kelly","Harris","0.10"
1188,"Andrea","Barrett","0.10"
1176,"Tyler","Martin","0.10"
1172,"Angel","Green","0.10"
1161,"Rebecca","Smith","0.10"
472,"Stephanie","Clark","0.10"
481,"Janet","Martin","0.10"
510,"Dale","Martinez","0.10"
1094,"Kenneth","Gilbert","0.10"
59,"Jacob","Hanson","0.10"
1979,"Eric","Adkins","0.10"
1074,"Matthew","Peterson","0.10"
1073,"Nancy","Walker","0.10"
529,"Diana","Jones","0.10"
1062,"Patrick","Clark","0.10"
533,"Bradley","Robinson","0.10"
1039,"Sarah","Murphy","0.10"
1036,"Linda","Munoz","0.10"
63,"Brian","Lewis","0.10"
1029,"Jill","Armstrong","0.10"
1028,"Latoya","Mullins","0.10"
1022,"Walter","Herrera","0.10"
571,"Pamela","Horne","0.10"
982,"John","Baker","0.10"
962,"Justin","Lester","0.10"
951,"Danielle","Martinez","0.10"
1884,"Sabrina","Davis","0.10"
927,"Amanda","Garcia","0.10"
614,"Elizabeth","Chavez","0.10"
908,"Jessica","Wong","0.10"
906,"Robert","Torres","0.10"
905,"Eileen","Nicholson","0.10"
887,"Nicole","Mcdonald","0.10"
886,"Bryan","Grimes","0.10"
644,"Patricia","Hall","0.10"
645,"Ryan","Williams","0.10"
76,"Andrea","Case","0.10"
656,"Nicole","Davidson","0.10"
866,"Vanessa","Coleman","0.10"
1775,"Deborah","Butler","0.08"
43,"Lauren","Farmer","0.08"
1846,"Robin","Reeves","0.08"
51,"Christopher","Stewart","0.08"
104,"Stephen","Patton","0.08"
1412,"John","Lin","0.08"
130,"Michael","Miller","0.08"
679,"Jennifer","Williams","0.08"
356,"Sydney","Stevenson","0.08"
1362,"Christopher","Bowen","0.08"
1872,"Denise","Rose","0.08"
945,"Jennifer","Torres","0.08"
1202,"Ashley","York","0.08"
929,"Teresa","Henry","0.08"
1665,"Kendra","Perez","0.08"
1651,"Stephanie","Miller","0.08"
1049,"Nichole","Harrington","0.08"
907,"Alicia","Beltran","0.08"
540,"Lauren","Harrington","0.08"
1966,"Jennifer","Leblanc","0.08"
1899,"Patricia","Porter","0.08"
852,"Holly","Sanchez","0.08"
1812,"Brandy","Maldonado","0.08"
1442,"Michael","Anderson","0.08"
1038,"Michael","Reyes","0.08"
1813,"Brenda","Sanders","0.08"
1037,"Samantha","Stewart","0.08"
621,"Gina","Solomon","0.08"
1174,"Rebecca","Khan","0.08"
878,"Brian","Morales","0.08"
410,"Cynthia","Baker","0.08"
1718,"Isaiah","Cruz","0.08"
637,"Melinda","Byrd","0.08"
814,"Luis","Jones","0.08"
1975,"Dwayne","Sims","0.08"
669,"Katherine","Moore","0.08"
738,"Brandi","Ray","0.08"
880,"Lori","Jacobson","0.08"
743,"Angie","White","0.08"
735,"Michael","Heath","0.08"
748,"Jeffery","Carlson","0.08"
563,"Jennifer","Valdez","0.08"
728,"Curtis","Bennett","0.08"
66,"Kristy","Weber","0.08"
1724,"Mark","Mathews","0.08"
415,"Joel","Morris","0.08"
768,"Troy","Prince","0.08"
1155,"Scott","Bishop","0.08"
1949,"Steven","Ramsey","0.08"
641,"Darryl","Schultz","0.08"
775,"Pamela","Rodgers","0.08"
998,"Susan","Schmidt","0.08"
242,"Douglas","Stewart","0.08"
243,"Heidi","Jones","0.08"
1582,"William","Ball","0.08"
1689,"Sheena","Murphy","0.08"
1929,"Catherine","Brooks","0.08"
1580,"Luis","Klein","0.08"
240,"David","Barnett","0.08"
992,"David","Gonzales","0.08"
780,"Todd","Howard","0.08"
473,"Sharon","Nelson","0.08"
474,"Marco","Clark","0.08"
475,"Victor","Smith","0.08"
701,"Gregory","Jones","0.08"
1976,"Ashley","Fleming","0.08"
1138,"Amber","Levy","0.08"
1258,"Kathleen","Potts","0.08"
1136,"Andrew","Sanders","0.08"
1988,"Holly","Erickson","0.08"
1254,"Betty","Nguyen","0.08"
1728,"Drew","Nelson","0.08"
1926,"Michael","Hayden","0.08"
484,"Julie","Zamora","0.08"
1587,"Jerry","Aguirre","0.08"
1128,"Paul","Taylor","0.08"
1715,"Samantha","Anderson","0.08"
16,"Roger","Wiley","0.08"
1399,"Gwendolyn","Martinez","0.08"
981,"Tamara","Long","0.08"
120,"Crystal","Walker","0.08"
1547,"Gabriella","Pierce","0.08"
425,"Jason","Hernandez","0.08"
1662,"Thomas","Scott","0.08"
1594,"Kelsey","Alexander","0.08"
1595,"Rhonda","Smith","0.08"
1244,"Phillip","Lynch","0.08"
643,"Tyler","Scott","0.08"
1530,"Nancy","Hartman","0.08"
220,"Joseph","Morris","0.08"
1525,"Chad","Moreno","0.08"
585,"Gary","Rivera","0.08"
1243,"Christopher","Porter","0.08"
56,"Jennifer","Murphy","0.08"
1924,"Sydney","Clay","0.08"
1316,"Nicole","Harris","0.08"
1119,"Brittany","Spencer","0.08"
587,"Tanya","Green","0.08"
1398,"Drew","Williams","0.08"
1611,"Heidi","Johnson","0.08"
290,"Lisa","White","0.08"
1517,"Melissa","Jackson","0.08"
9,"Stanley","Gutierrez","0.08"
1612,"Joshua","Davis","0.08"
393,"Cheryl","Arias","0.08"
295,"Laura","Rodriguez","0.08"
117,"Alyssa","Ritter","0.08"
1103,"Jennifer","Salas","0.08"
1342,"Heather","Fitzpatrick","0.08"
589,"Melanie","Bridges","0.08"
1894,"Erica","Valdez","0.08"
1892,"Patricia","Douglas","0.08"
1627,"Monica","Dalton","0.08"
1488,"Thomas","Montoya","0.08"
115,"Robert","Turner","0.08"
202,"Jordan","Perez","0.08"
506,"Sara","Frazier","0.08"
434,"Christian","Wilkins","0.08"
698,"Daniel","Mcneil","0.08"
1311,"Lori","Johnson","0.08"
626,"Kyle","Williams","0.08"
940,"Gary","Gentry","0.08"
1938,"Carol","Ramos","0.08"
134,"Cory","Perez","0.08"
1227,"David","Coffey","0.08"
514,"John","Owen","0.08"
628,"Eugene","Clark","0.08"
1462,"Katelyn","Roman","0.08"
1694,"Angel","Williams","0.08"
1296,"Alexandria","Harris","0.08"
629,"Sean","Wagner","0.08"
321,"David","Barron","0.08"
322,"Kevin","Thompson","0.08"
519,"Todd","Griffith","0.08"
895,"Scott","Schultz","0.08"
839,"Andrew","Rodriguez","0.08"
1818,"William","Avery","0.07"
1032,"Theodore","Gomez","0.07"
741,"Nicholas","Martin","0.07"
638,"Alexander","Burnett","0.07"
849,"Heather","Johnson","0.07"
753,"Eric","Jones","0.07"
765,"Teresa","Lee","0.07"
1829,"Melissa","Harris","0.07"
771,"Cheryl","Gutierrez","0.07"
999,"Brett","Bell","0.07"
4,"Tara","Clark","0.07"
789,"Brittney","Moon","0.07"
1571,"Holly","Dunn","0.07"
1569,"Brian","Gibson","0.07"
790,"Tracy","White","0.07"
1563,"Brian","Adams","0.07"
987,"Katherine","Jacobson","0.07"
879,"Melissa","Fry","0.07"
580,"Christopher","Buchanan","0.07"
1585,"Danny","Carlson","0.07"
1562,"Catherine","Ibarra","0.07"
581,"Christina","Guerrero","0.07"
1559,"Shane","Washington","0.07"
265,"James","Miller","0.07"
1553,"Natalie","Garrison","0.07"
1552,"Robert","Hart","0.07"
1551,"Cassandra","Mills","0.07"
1592,"Leslie","Mercado","0.07"
706,"Richard","Davis","0.07"
234,"Keith","Summers","0.07"
224,"Steven","York","0.07"
282,"Jorge","Roth","0.07"
218,"Marie","Martin","0.07"
704,"Robert","Holmes","0.07"
286,"Jacob","Perez","0.07"
1606,"Maria","Perkins","0.07"
1515,"Diana","Russo","0.07"
653,"Philip","Walker","0.07"
1504,"Frederick","Lopez","0.07"
1932,"Alicia","Rodriguez","0.07"
1615,"Cynthia","Miller","0.07"
1619,"Justin","Kim","0.07"
207,"Matthew","Guzman","0.07"
1631,"Lauren","Morrison","0.07"
1637,"Ashley","Blankenship","0.07"
1484,"Stephanie","Pineda","0.07"
308,"Jessica","Diaz","0.07"
1482,"Samantha","Ibarra","0.07"
1643,"Erica","Lopez","0.07"
1645,"Cheryl","Gutierrez","0.07"
5,"Anthony","Campos","0.07"
1649,"Deanna","Coleman","0.07"
194,"Adam","Edwards","0.07"
1998,"Madison","Cross","0.07"
1460,"Nicole","King","0.07"
949,"Emma","Copeland","0.07"
947,"Catherine","Boyle","0.07"
323,"Andrea","Walters","0.07"
874,"David","Jones","0.07"
1650,"Lisa","Barber","0.07"
659,"Tara","Griffin","0.07"
1436,"Jennifer","Mccoy","0.07"
800,"Matthew","Miles","0.07"
330,"Kenneth","Flores","0.07"
190,"Sonia","Bowers","0.07"
189,"Steven","Walker","0.07"
187,"Joan","Cohen","0.07"
1403,"Nicholas","Lester","0.07"
339,"Allen","Farmer","0.07"
1663,"Elizabeth","Jones","0.07"
341,"Laura","Dawson","0.07"
1664,"Matthew","Bartlett","0.07"
1392,"Angela","Moran","0.07"
1667,"Cody","Tyler","0.07"
1383,"Julie","Lambert","0.07"
1379,"Hector","Garcia","0.07"
1372,"Jesse","Garcia","0.07"
1369,"Jasmin","Phillips","0.07"
179,"Elizabeth","Butler","0.07"
355,"Joshua","Smith","0.07"
1675,"Christopher","Evans","0.07"
173,"Rhonda","Webster","0.07"
1881,"Lauren","Ellis","0.07"
1956,"Melanie","Clark","0.07"
168,"Amy","Peterson","0.07"
1347,"Connie","Colon","0.07"
26,"Patricia","Chavez","0.07"
1346,"Patricia","Rhodes","0.07"
936,"Jessica","Marshall","0.07"
932,"Michael","Moon","0.07"
1696,"Dustin","Stanley","0.07"
375,"Kristen","Adams","0.07"
2000,"Natalie","Smith","0.07"
812,"Steven","Martin","0.07"
1709,"Mitchell","Walker","0.07"
1328,"Roberto","Martin","0.07"
153,"Elizabeth","Robinson","0.07"
384,"James","Castro","0.07"
150,"Julie","Gray","0.07"
1875,"Tim","Duncan","0.07"
1320,"Robin","Leonard","0.07"
1315,"Susan","Gonzalez","0.07"
816,"Jeffrey","Cox","0.07"
1717,"John","Benson","0.07"
824,"Alexis","Hall","0.07"
1304,"Cody","Burke","0.07"
46,"Kenneth","Davis","0.07"
1293,"Susan","Perez","0.07"
1288,"Marcus","Howard","0.07"
47,"Elizabeth","Martin","0.07"
1286,"Kristen","Evans","0.07"
406,"Autumn","Hernandez","0.07"
407,"Paul","Serrano","0.07"
1281,"Jennifer","Landry","0.07"
1903,"Amy","Morrow","0.07"
412,"Claudia","Munoz","0.07"
1720,"Joshua","Dillon","0.07"
1266,"John","Stevenson","0.07"
1982,"Shane","Parker","0.07"
920,"Michael","Mccarthy","0.07"
1256,"Katrina","Montgomery","0.07"
829,"Patrick","Kirk","0.07"
424,"Jeffrey","Young","0.07"
830,"Christopher","Jenkins","0.07"
1241,"Traci","Johnson","0.07"
430,"David","Harris","0.07"
831,"Cassandra","Hodges","0.07"
1731,"Keith","Smith","0.07"
1733,"Juan","Baker","0.07"
1233,"Toni","Zimmerman","0.07"
436,"Adriana","Sandoval","0.07"
1866,"Richard","Chavez","0.07"
1221,"Larry","Bruce","0.07"
1960,"Peggy","Hoover","0.07"
1218,"George","Francis","0.07"
131,"Amanda","Vasquez","0.07"
1212,"Brenda","Rhodes","0.07"
1211,"Tracy","Garcia","0.07"
1204,"Brooke","Burnett","0.07"
832,"Christian","Powers","0.07"
681,"Zachary","Burns","0.07"
877,"Adam","Edwards","0.07"
1970,"Willie","Elliott","0.07"
622,"David","Madden","0.07"
1741,"Toni","Smith","0.07"
1171,"Corey","Monroe","0.07"
1167,"Thomas","Hernandez","0.07"
467,"Richard","Anderson","0.07"
1160,"Jennifer","White","0.07"
1158,"Brittany","Welch","0.07"
1896,"James","Simpson","0.07"
624,"Judy","Mckenzie","0.07"
1748,"Michael","Evans","0.07"
479,"Douglas","Watson","0.07"
901,"Pamela","Edwards","0.07"
1895,"Alexis","Byrd","0.07"
483,"Anthony","Mullins","0.07"
486,"Selena","Castro","0.07"
1754,"David","Schmidt","0.07"
490,"Erica","Cohen","0.07"
491,"Kelly","Sanders","0.07"
492,"Michael","Clark","0.07"
493,"Tammy","Fields","0.07"
1758,"Donald","Fischer","0.07"
497,"Victoria","Anderson","0.07"
1760,"Christina","Garcia","0.07"
1105,"Rachel","Grant","0.07"
1764,"Michael","Arnold","0.07"
1100,"Douglas","Robertson","0.07"
1098,"Sharon","Chandler","0.07"
509,"Paul","Hale","0.07"
899,"Chad","Taylor","0.07"
110,"Phillip","Allen","0.07"
1769,"Morgan","Cisneros","0.07"
1083,"Margaret","Smith","0.07"
1774,"Jessica","Hampton","0.07"
523,"Angela","Joyce","0.07"
1072,"Cindy","Hamilton","0.07"
525,"Michael","Mercer","0.07"
103,"James","Yang","0.07"
1782,"Thomas","Brooks","0.07"
862,"Brian","Adams","0.07"
1061,"Amanda","Rodriguez","0.07"
1784,"Jamie","Mccarthy","0.07"
1790,"Debra","Evans","0.07"
1793,"Michele","Stout","0.07"
62,"Brittany","Koch","0.07"
1056,"Ashley","Baker","0.07"
1800,"Alyssa","Costa","0.07"
95,"Natalie","Robinson","0.07"
1042,"Natasha","Butler","0.07"
93,"Robert","Parsons","0.07"
675,"Isaac","Tucker","0.07"
885,"Alexander","Mitchell","0.07"
1035,"Matthew","Potter","0.07"
1815,"Joshua","Ayala","0.07"
1750,"Dana","Peters","0.05"
25,"Cassandra","West","0.05"
32,"Cynthia","Knapp","0.05"
33,"Timothy","Bryant","0.05"
39,"Miguel","Martinez","0.05"
40,"Christopher","Taylor","0.05"
41,"Emily","Holloway","0.05"
44,"Pamela","Cole","0.05"
45,"David","Gillespie","0.05"
49,"Kimberly","Kelly","0.05"
60,"Casey","May","0.05"
69,"Henry","Davis","0.05"
92,"James","Santiago","0.05"
94,"Jacob","Brown","0.05"
111,"Joshua","Gonzalez","0.05"
122,"Antonio","Caldwell","0.05"
123,"Jacob","Reyes","0.05"
126,"Lisa","Ware","0.05"
128,"Mario","Taylor","0.05"
129,"Amanda","Williamson","0.05"
132,"Chelsea","Obrien","0.05"
133,"Tina","Perkins","0.05"
139,"Jessica","Boyd","0.05"
149,"Tanya","Nichols","0.05"
160,"Michael","Rivas","0.05"
163,"Troy","Shepherd","0.05"
170,"Evan","Christian","0.05"
172,"Erica","Marks","0.05"
180,"Alex","Clark","0.05"
197,"Mark","Myers","0.05"
212,"Joe","Strickland","0.05"
217,"Samantha","Maldonado","0.05"
245,"Dustin","Dodson","0.05"
246,"Christopher","Cohen","0.05"
262,"Christopher","Cruz","0.05"
284,"Nancy","Pierce","0.05"
288,"Anthony","Cox","0.05"
311,"Tracy","Johnston","0.05"
313,"Tiffany","Jones","0.05"
314,"Brandy","Campbell","0.05"
316,"John","Miller","0.05"
320,"Taylor","Klein","0.05"
354,"Samuel","Jackson","0.05"
386,"Gene","Woodward","0.05"
392,"Nicholas","Hart","0.05"
400,"Darrell","Williams","0.05"
403,"Cory","Harris","0.05"
409,"Evan","Holmes","0.05"
417,"Melissa","Brown","0.05"
423,"Jasmine","Clark","0.05"
444,"James","Glover","0.05"
456,"Harold","Vazquez","0.05"
462,"Samuel","Thompson","0.05"
471,"Allen","Booth","0.05"
482,"Teresa","Flores","0.05"
494,"Steven","Pennington","0.05"
503,"John","Martinez","0.05"
504,"Kendra","Robertson","0.05"
515,"Andrew","Best","0.05"
518,"Erin","Ray","0.05"
534,"Phyllis","Schneider","0.05"
536,"Gregory","Gonzalez","0.05"
554,"Carla","Davis","0.05"
577,"Joseph","Gregory","0.05"
592,"David","Brown","0.05"
595,"Wendy","Warner","0.05"
596,"Timothy","Powell","0.05"
606,"Kelly","Schwartz","0.05"
607,"Brittany","Orozco","0.05"
608,"Samantha","Alvarado","0.05"
609,"Christopher","Anderson","0.05"
647,"Michael","Vang","0.05"
649,"Steven","Hancock","0.05"
650,"Chelsea","Olson","0.05"
651,"Emily","Huang","0.05"
655,"Pamela","Henry","0.05"
660,"Lisa","Lloyd","0.05"
661,"Elizabeth","Maldonado","0.05"
678,"William","Kennedy","0.05"
684,"Jeffery","Kelley","0.05"
703,"Andrea","Baker","0.05"
723,"William","Kerr","0.05"
724,"Jake","Gonzalez","0.05"
764,"Jesse","Kelly","0.05"
801,"Mary","Cox","0.05"
807,"Kendra","Dalton","0.05"
843,"Jennifer","Baxter","0.05"
853,"James","Ray","0.05"
855,"Lisa","Brown","0.05"
858,"Sarah","Nielsen","0.05"
861,"Michael","Anderson","0.05"
868,"Timothy","David","0.05"
871,"George","King","0.05"
897,"Ryan","Salazar","0.05"
900,"Natasha","Edwards","0.05"
902,"Cynthia","Richardson","0.05"
904,"Kevin","Ryan","0.05"
911,"Jennifer","Gonzalez","0.05"
921,"Matthew","Jones","0.05"
930,"Luis","Frank","0.05"
933,"Rachel","Hall","0.05"
957,"Madison","Callahan","0.05"
961,"Samantha","Alexander","0.05"
966,"Ashley","Green","0.05"
983,"Justin","Lynch","0.05"
1025,"Mary","Garza","0.05"
1027,"Jordan","Boyd","0.05"
1050,"Wendy","Clark","0.05"
1069,"Natasha","Morales","0.05"
1080,"Dean","Sims","0.05"
1087,"Gabriela","Martinez","0.05"
1133,"Lisa","Alexander","0.05"
1134,"Stephanie","Allen","0.05"
1143,"Catherine","Mccall","0.05"
1147,"Brian","Myers","0.05"
1168,"Crystal","Miller","0.05"
1181,"Nicole","Newman","0.05"
1203,"Charles","Rangel","0.05"
1222,"Charles","Myers","0.05"
1223,"Matthew","Boyd","0.05"
1231,"Joan","Frederick","0.05"
1232,"Loretta","Webb","0.05"
1237,"John","Reynolds","0.05"
1251,"David","Fields","0.05"
1265,"Emily","Waters","0.05"
1270,"Shannon","Martinez","0.05"
1276,"Stephanie","Kennedy","0.05"
1298,"Amanda","Evans","0.05"
1300,"Jesus","Jones","0.05"
1307,"Erica","Woodward","0.05"
1310,"David","Smith","0.05"
1361,"William","Lee","0.05"
1365,"Joseph","Blake","0.05"
1377,"Eric","Doyle","0.05"
1378,"John","Perez","0.05"
1395,"Joseph","Erickson","0.05"
1404,"Jennifer","Ford","0.05"
1423,"Paul","Johnson","0.05"
1431,"Javier","Macdonald","0.05"
1435,"Jennifer","Contreras","0.05"
1444,"Emily","Mason","0.05"
1449,"Dana","Lambert","0.05"
1456,"Michael","Vance","0.05"
1458,"James","Clarke","0.05"
1468,"Jennifer","Wright","0.05"
1473,"Christine","Smith","0.05"
1481,"Timothy","Fowler","0.05"
1507,"Destiny","Rhodes","0.05"
1508,"Jessica","Jones","0.05"
1510,"Maureen","Cain","0.05"
1533,"Craig","Carter","0.05"
1535,"Valerie","Nichols","0.05"
1542,"Stephanie","Yu","0.05"
1544,"Steve","Kelly","0.05"
1550,"Heidi","Ellis","0.05"
1554,"Melissa","Campbell","0.05"
1557,"Keith","Hunt","0.05"
1568,"Crystal","Holland","0.05"
1575,"Aaron","Ortega","0.05"
1588,"Jason","Thomas","0.05"
1618,"Kayla","Krueger","0.05"
1624,"Christopher","Meyer","0.05"
1626,"Karen","Ramsey","0.05"
1635,"Robin","Daniel","0.05"
1644,"Lisa","Benitez","0.05"
1647,"Natalie","Williams","0.05"
1656,"Emily","Hebert","0.05"
1670,"David","Brown","0.05"
1677,"Jason","Flores","0.05"
1690,"Robert","Mccall","0.05"
1703,"Catherine","May","0.05"
1711,"Justin","Johnson","0.05"
1721,"Christopher","Stephens","0.05"
1732,"Eric","Erickson","0.05"
1739,"Kevin","Joyce","0.05"
1751,"Patricia","Phelps","0.05"
1759,"Anthony","Palmer","0.05"
1768,"Jacob","Ross","0.05"
1770,"Amber","Stuart","0.05"
1779,"Andrew","Clark","0.05"
1792,"Katelyn","Watkins","0.05"
1796,"Joshua","Cole","0.05"
1797,"Andrew","Jackson","0.05"
1801,"Daniel","Poole","0.05"
1810,"Martin","Duran","0.05"
1822,"David","Luna","0.05"
1827,"Debbie","Landry","0.05"
1843,"Dylan","Edwards","0.05"
1891,"Jillian","Arroyo","0.05"
1918,"Amanda","Green","0.05"
1921,"Kara","Coleman","0.05"
1923,"Andrea","Richards","0.05"
1927,"Antonio","Beasley","0.05"
1942,"Lisa","Palmer","0.05"
1962,"Sabrina","Perez","0.05"
1967,"Paul","Bailey","0.05"
1974,"Lisa","Stewart","0.05"
1986,"Benjamin","Williams","0.05"
1992,"Charlotte","Rowe","0.05"
1529,"Stephanie","Jones","0.04"
1194,"Anthony","Clark","0.04"
1527,"Peter","Vargas","0.04"
280,"Ricardo","Macias","0.04"
1524,"Kevin","Koch","0.04"
451,"Lori","Ryan","0.04"
1851,"Leslie","Cox","0.04"
1200,"Lauren","Gomez","0.04"
283,"Benjamin","Davis","0.04"
450,"Susan","Brown","0.04"
1919,"Joseph","Hess","0.04"
297,"Barbara","Andrews","0.04"
1205,"Ronald","Lane","0.04"
80,"Shawn","Chase","0.04"
950,"Bradley","Avery","0.04"
1501,"Beth","Stephens","0.04"
588,"Bryan","Lee","0.04"
81,"Elizabeth","Calhoun","0.04"
448,"Joseph","Stone","0.04"
1839,"Heather","Gutierrez","0.04"
1836,"Renee","Cruz","0.04"
445,"Michelle","Reeves","0.04"
1215,"Allison","Bond","0.04"
1216,"Jessica","Smith","0.04"
1217,"Carol","Nguyen","0.04"
1495,"Jennifer","Martin","0.04"
1494,"Debra","Brown","0.04"
955,"Richard","Small","0.04"
882,"Sharon","Ramirez","0.04"
1493,"Oscar","Benjamin","0.04"
1828,"Michael","Gordon","0.04"
586,"Luke","Moore","0.04"
1225,"Kimberly","Mcgee","0.04"
300,"Joseph","Landry","0.04"
439,"Andrew","Green","0.04"
303,"Wanda","Baxter","0.04"
959,"Hunter","Allen","0.04"
883,"Nicole","Rice","0.04"
306,"Sabrina","Hall","0.04"
85,"James","Dawson","0.04"
584,"Lindsay","Brady","0.04"
1483,"Michelle","Guerrero","0.04"
1820,"Jeremy","Coleman","0.04"
1475,"Joan","Estrada","0.04"
1946,"Christopher","Gonzales","0.04"
1467,"Mark","Wright","0.04"
1819,"John","Fuller","0.04"
1240,"Christie","Lane","0.04"
1466,"Jacob","Hall","0.04"
1242,"Robert","Hartman","0.04"
318,"Jody","Mueller","0.04"
324,"David","Wright","0.04"
1245,"Matthew","Green","0.04"
426,"Christopher","Hamilton","0.04"
1457,"Joanne","Howard","0.04"
1453,"Richard","Castillo","0.04"
1451,"Thomas","Odom","0.04"
325,"Anthony","Oconnor","0.04"
1434,"Calvin","Taylor","0.04"
1252,"Terri","Lyons","0.04"
1433,"Christine","Collins","0.04"
1940,"Michael","Wilson","0.04"
1428,"Michael","Ferguson","0.04"
88,"Yvette","Bridges","0.04"
89,"Robert","Atkins","0.04"
419,"Austin","Bass","0.04"
803,"Tiffany","Small","0.04"
1414,"Joseph","Phillips","0.04"
968,"Ray","Padilla","0.04"
1262,"Ryan","Ruiz","0.04"
334,"Angela","Park","0.04"
1264,"Amanda","Edwards","0.04"
35,"Lisa","Burns","0.04"
416,"Rhonda","Bradley","0.04"
1267,"Kevin","Hoffman","0.04"
414,"David","Jennings","0.04"
1408,"Kyle","Rojas","0.04"
1994,"Shawn","Ochoa","0.04"
1271,"Kenneth","Baker","0.04"
798,"Michael","Williams","0.04"
30,"Carol","Hill","0.04"
1402,"Jeremy","Bailey","0.04"
970,"Daniel","Peterson","0.04"
1809,"Alan","Santos","0.04"
1401,"Krista","Myers","0.04"
411,"Sandra","Melendez","0.04"
1396,"Bradley","Cook","0.04"
797,"Lisa","Mitchell","0.04"
1394,"Catherine","Miles","0.04"
1393,"Samuel","Lee","0.04"
794,"Stacey","Wilson","0.04"
583,"Tyler","Carrillo","0.04"
888,"Christopher","Ramirez","0.04"
405,"Deborah","Miller","0.04"
1287,"Jaime","White","0.04"
347,"Dawn","Gomez","0.04"
1387,"Bryan","Pacheco","0.04"
1290,"Aaron","Ortiz","0.04"
1386,"Patricia","Pope","0.04"
976,"Erik","Miller","0.04"
401,"Andrew","Smith","0.04"
1384,"Cynthia","Rodriguez","0.04"
90,"William","Brown","0.04"
859,"Elizabeth","Parks","0.04"
890,"Rebecca","Molina","0.04"
1375,"Jeremiah","Lee","0.04"
350,"Christopher","Price","0.04"
980,"Annette","Logan","0.04"
1301,"April","Spence","0.04"
708,"Julian","Ortiz","0.04"
1303,"Mario","Hopkins","0.04"
351,"Aimee","Adams","0.04"
1305,"Candace","White","0.04"
579,"Tina","Sparks","0.04"
1906,"Carla","Jackson","0.04"
1356,"Angela","King","0.04"
1351,"Natalie","Fitzgerald","0.04"
363,"Nicole","Buchanan","0.04"
365,"Emily","Bell","0.04"
984,"Daniel","Knight","0.04"
1313,"Stacy","Collins","0.04"
370,"Matthew","Griffin","0.04"
985,"Angelica","Jones","0.04"
390,"Jamie","Suarez","0.04"
631,"Melinda","Freeman","0.04"
1318,"Gregory","Barton","0.04"
371,"Timothy","Mann","0.04"
1336,"Katie","Clark","0.04"
377,"Patrick","Everett","0.04"
1324,"Jeffrey","Andrews","0.04"
1807,"Mary","Malone","0.04"
1985,"Joshua","Stuart","0.04"
1798,"Karen","Rodriguez","0.04"
97,"Natasha","Hansen","0.04"
10,"Audrey","Simpson","0.04"
574,"Antonio","Lucero","0.04"
658,"Christopher","Banks","0.04"
1791,"Richard","Bell","0.04"
787,"Matthew","Conway","0.04"
98,"Thomas","White","0.04"
997,"Patrick","Martin","0.04"
1789,"Thomas","Buckley","0.04"
570,"Wayne","Trevino","0.04"
1785,"Kristen","Werner","0.04"
568,"Alex","Farmer","0.04"
1890,"Rachel","Reeves","0.04"
713,"Sharon","Allen","0.04"
1004,"Tyler","Cabrera","0.04"
562,"Theodore","Williams","0.04"
1006,"Pamela","Green","0.04"
1783,"Kimberly","Knox","0.04"
1780,"Brian","Wright","0.04"
671,"Lauren","Morrow","0.04"
848,"Matthew","Cantu","0.04"
1011,"Brian","Griffin","0.04"
1012,"Dean","Lee","0.04"
1778,"Chad","Gomez","0.04"
1014,"Brendan","Rivera","0.04"
107,"Erin","Kelley","0.04"
1016,"Craig","Weber","0.04"
627,"Mark","Padilla","0.04"
1018,"Sarah","Tucker","0.04"
1019,"Steven","Hernandez","0.04"
108,"Benjamin","Morse","0.04"
560,"Bruce","Woods","0.04"
1771,"Tyler","Griffin","0.04"
1023,"Sarah","Mckinney","0.04"
1024,"Jacob","Nguyen","0.04"
1980,"Allison","Henderson","0.04"
1761,"Misty","Anderson","0.04"
1756,"William","Patterson","0.04"
557,"Charles","Reid","0.04"
54,"Lindsay","Pruitt","0.04"
1755,"Amanda","Cox","0.04"
1031,"April","Greene","0.04"
1753,"Anthony","Johns","0.04"
124,"Wendy","Lewis","0.04"
1034,"Joseph","Petersen","0.04"
15,"Laura","Jackson","0.04"
625,"Logan","Lindsey","0.04"
548,"Christopher","Peterson","0.04"
1,"Paul","Casey","0.04"
545,"Christina","Shields","0.04"
1740,"Thomas","Ward","0.04"
1897,"Robert","Campbell","0.04"
838,"Mary","Bird","0.04"
17,"Vicki","Thompson","0.04"
785,"Peter","Yates","0.04"
1045,"Martin","Franco","0.04"
783,"Jimmy","Warren","0.04"
57,"Melissa","Lee","0.04"
1048,"Michael","Anderson","0.04"
872,"Ashley","Craig","0.04"
618,"Travis","Ross","0.04"
1738,"Eric","Obrien","0.04"
682,"Curtis","Duffy","0.04"
1053,"Katelyn","Watkins","0.04"
7,"Anthony","Smith","0.04"
144,"Adam","Mitchell","0.04"
1719,"Brian","Baker","0.04"
146,"Victor","Jones","0.04"
151,"Courtney","Perry","0.04"
1708,"Rebecca","Pearson","0.04"
910,"Megan","Alexander","0.04"
531,"Christina","Garrett","0.04"
530,"Meredith","Clark","0.04"
528,"Deborah","Rojas","0.04"
1707,"David","Hoffman","0.04"
1065,"Richard","Burke","0.04"
162,"Anthony","Sullivan","0.04"
690,"Phillip","Nelson","0.04"
1068,"Kenneth","Sparks","0.04"
1910,"Amy","Dominguez","0.04"
1688,"Kimberly","Bates","0.04"
1687,"Tammy","Morris","0.04"
912,"Carl","Ferguson","0.04"
521,"Cynthia","Williams","0.04"
615,"Mary","Taylor","0.04"
1682,"Kyle","Rubio","0.04"
914,"Laura","Romero","0.04"
1679,"Patricia","Rivera","0.04"
613,"Melissa","Higgins","0.04"
782,"Mary","Mccormick","0.04"
1911,"Mark","Jacobs","0.04"
717,"Michael","Walsh","0.04"
1082,"Regina","Hernandez","0.04"
918,"Noah","Mcdaniel","0.04"
513,"Emily","Jordan","0.04"
1085,"Trevor","Stark","0.04"
719,"Kelly","Morris","0.04"
610,"William","Smith","0.04"
1088,"Debra","Walter","0.04"
1089,"Kimberly","Herrera","0.04"
1676,"Tara","Haynes","0.04"
1091,"Brandon","Foster","0.04"
815,"Jeffrey","Thomas","0.04"
1674,"Jennifer","Chan","0.04"
1673,"Matthew","Moore","0.04"
1969,"Victoria","Alvarez","0.04"
177,"John","Brown","0.04"
1097,"Tristan","Martinez","0.04"
178,"Traci","Boyd","0.04"
183,"Victoria","Donaldson","0.04"
507,"Morgan","Moore","0.04"
186,"Jenny","Lloyd","0.04"
1885,"Richard","Davis","0.04"
1654,"Richard","Cortez","0.04"
500,"Katelyn","Moses","0.04"
499,"Mark","Sanchez","0.04"
1652,"Amy","White","0.04"
196,"Tiffany","Hernandez","0.04"
200,"Kathryn","Frazier","0.04"
761,"Raymond","Smith","0.04"
697,"Michael","Waters","0.04"
1636,"Anthony","Peterson","0.04"
203,"Jennifer","Burgess","0.04"
1113,"Nicole","Robinson","0.04"
1114,"Rebecca","Mckinney","0.04"
806,"Erin","Moore","0.04"
1116,"Jillian","Dominguez","0.04"
926,"Nicole","Bell","0.04"
805,"Maria","Mercer","0.04"
206,"Maxwell","Davis","0.04"
208,"Robert","Mayer","0.04"
1121,"Robin","Perez","0.04"
1963,"Michael","Parker","0.04"
733,"Larry","Smith","0.04"
495,"Matthew","Chavez","0.04"
745,"Joshua","Miller","0.04"
67,"Anthony","Smith","0.04"
487,"Whitney","Miller","0.04"
485,"Maria","Nguyen","0.04"
863,"Anthony","Silva","0.04"
1130,"Emma","Jones","0.04"
1878,"Gina","Gilbert","0.04"
1902,"Pamela","Gomez","0.04"
664,"Lauren","Cordova","0.04"
1877,"Julie","Rogers","0.04"
1135,"Rebecca","Clark","0.04"
480,"Manuel","Barrett","0.04"
1617,"Justin","Brooks","0.04"
478,"Madison","Jacobs","0.04"
1609,"Tina","Smith","0.04"
1140,"Sarah","Wells","0.04"
215,"Tammy","Miller","0.04"
1142,"Katherine","Glenn","0.04"
1873,"Andrew","Reed","0.04"
937,"Maurice","Nguyen","0.04"
476,"Christina","Patterson","0.04"
1146,"Michael","Lutz","0.04"
1869,"Alexandra","Blackburn","0.04"
939,"Harry","Hunter","0.04"
1149,"Ronnie","Nguyen","0.04"
1607,"Jillian","Reed","0.04"
599,"Barbara","Schneider","0.04"
804,"Mary","Wyatt","0.04"
221,"Charles","Parker","0.04"
1603,"Amy","Moore","0.04"
942,"Jason","Vazquez","0.04"
1156,"Cassandra","Flores","0.04"
222,"Rachel","Alvarez","0.04"
229,"Roberto","Evans","0.04"
1159,"Robert","Ross","0.04"
943,"Patrick","West","0.04"
1598,"Amanda","Peterson","0.04"
1597,"David","Sloan","0.04"
232,"Lisa","Gardner","0.04"
944,"Alexandra","Brown","0.04"
248,"Robert","Hawkins","0.04"
21,"Tim","Nichols","0.04"
250,"Robert","Swanson","0.04"
251,"Holly","Henderson","0.04"
1169,"Nicholas","Wallace","0.04"
1170,"Arthur","Brown","0.04"
463,"Taylor","Nelson","0.04"
27,"Jason","Williams","0.04"
1173,"Tina","Anderson","0.04"
72,"Kimberly","Bonilla","0.04"
255,"Nathan","Riley","0.04"
261,"Sarah","Santiago","0.04"
1558,"Kevin","Turner","0.04"
264,"Jessica","Waters","0.04"
1179,"Scott","Tate","0.04"
1180,"Melissa","Deleon","0.04"
1555,"Joshua","Cervantes","0.04"
1957,"Jessica","Beasley","0.04"
266,"Adam","Kane","0.04"
77,"Jennifer","Garcia","0.04"
1185,"Lisa","Bailey","0.04"
1186,"Nancy","Fowler","0.04"
591,"Meredith","Reed","0.04"
267,"Patricia","Gonzalez","0.04"
1546,"Robert","Black","0.04"
1538,"Kaitlyn","Frazier","0.04"
1532,"Thomas","Stone","0.04"
1192,"Adam","Wallace","0.04"
1857,"Michelle","Brown","0.03"
1990,"Samuel","Baker","0.03"
860,"Deborah","Moore","0.03"
58,"David","Vaughn","0.03"
663,"Xavier","Johnson","0.03"
865,"Andre","Hoffman","0.03"
642,"Bethany","French","0.03"
640,"Lindsey","Anthony","0.03"
632,"Elizabeth","Smith","0.03"
893,"Andrew","Smith","0.03"
630,"Christine","Larson","0.03"
55,"Jamie","Taylor","0.03"
898,"Brenda","Davis","0.03"
903,"Robert","Johnson","0.03"
620,"Ryan","Clarke","0.03"
619,"Kenneth","Buchanan","0.03"
616,"Joshua","Parker","0.03"
52,"Sandra","Thornton","0.03"
1900,"Brian","Chan","0.03"
924,"Ann","Evans","0.03"
605,"Jennifer","Guerra","0.03"
604,"Tammy","Hernandez","0.03"
931,"Timothy","Booth","0.03"
934,"Thomas","Nguyen","0.03"
598,"Jeremy","Brown","0.03"
956,"Victor","Phillips","0.03"
960,"Shannon","Johnson","0.03"
967,"Beth","Bonilla","0.03"
969,"Jennifer","Cummings","0.03"
972,"Scott","Jacobson","0.03"
973,"Jennifer","Baker","0.03"
975,"Melissa","Gonzales","0.03"
978,"Amanda","Hernandez","0.03"
979,"Gregory","Schaefer","0.03"
582,"Jessica","Hutchinson","0.03"
986,"Lance","Nelson","0.03"
993,"Charles","Thomas","0.03"
995,"Sarah","Miller","0.03"
567,"Douglas","Clark","0.03"
564,"Alexandra","Day","0.03"
1009,"Jacqueline","Allen","0.03"
1010,"Joanna","Dominguez","0.03"
1017,"Joseph","Carpenter","0.03"
556,"Justin","Douglas","0.03"
549,"Eric","Murray","0.03"
1041,"Donna","Horne","0.03"
542,"Scott","Weaver","0.03"
539,"Mark","Davis","0.03"
1046,"Katherine","Donaldson","0.03"
1047,"Harold","Daniels","0.03"
538,"Christopher","Murphy","0.03"
1909,"Sarah","Hansen","0.03"
1052,"Jeffrey","Knight","0.03"
1060,"Rebecca","Larsen","0.03"
527,"Robert","Heath","0.03"
524,"William","Alvarado","0.03"
520,"Melinda","Payne","0.03"
1076,"David","Mays","0.03"
1078,"Ross","Sanchez","0.03"
1079,"Robert","Barnett","0.03"
1081,"Jaime","Morrison","0.03"
516,"Holly","Burns","0.03"
1086,"Nathaniel","Adams","0.03"
1912,"Melissa","Mendoza","0.03"
512,"Dawn","Poole","0.03"
1102,"Corey","Merritt","0.03"
1109,"Charles","Torres","0.03"
1110,"Jonathan","Finley","0.03"
1115,"Daniel","Guerrero","0.03"
498,"Thomas","Schroeder","0.03"
1118,"Dylan","Rogers","0.03"
1123,"Daniel","Lewis","0.03"
1125,"Stephen","Sosa","0.03"
1126,"Andrew","Hunter","0.03"
1129,"Brittany","Simmons","0.03"
1131,"Matthew","Aguilar","0.03"
1132,"Brett","Myers","0.03"
37,"Ryan","Lee","0.03"
1914,"Michael","Webb","0.03"
1915,"Gregory","Cole","0.03"
1144,"Tammy","Andrews","0.03"
1916,"Jeffrey","Miller","0.03"
1148,"Maria","Adams","0.03"
1151,"Brandon","Oliver","0.03"
1152,"David","Vazquez","0.03"
470,"Michael","Ball","0.03"
468,"Antonio","Flores","0.03"
465,"Brad","Lee","0.03"
460,"Susan","Perez","0.03"
458,"Jill","Mathews","0.03"
1187,"Gabriel","Wilson","0.03"
1199,"Alan","Mcgrath","0.03"
1206,"Emma","Andrews","0.03"
1207,"Nancy","Esparza","0.03"
1209,"Heather","Davis","0.03"
1210,"Kimberly","Bailey","0.03"
447,"Matthew","Kidd","0.03"
1213,"Sarah","Brooks","0.03"
441,"Megan","Moyer","0.03"
440,"Rodney","Bennett","0.03"
2,"Danielle","Sandoval","0.03"
1224,"Ronald","Brewer","0.03"
1229,"Holly","Richardson","0.03"
437,"Jeremy","Harvey","0.03"
1993,"John","Peterson","0.03"
435,"Clinton","Martin","0.03"
1235,"Jacqueline","Goodman","0.03"
432,"Nathan","Armstrong","0.03"
420,"Jennifer","West","0.03"
1257,"Samantha","Cole","0.03"
1259,"Melissa","Edwards","0.03"
1261,"Derek","Bates","0.03"
1272,"Margaret","Sanchez","0.03"
413,"Christopher","Nguyen","0.03"
1928,"Michelle","Lopez","0.03"
1280,"Autumn","Barrett","0.03"
1283,"Ryan","Long","0.03"
1284,"Robert","Hancock","0.03"
1285,"Stephanie","Rodriguez","0.03"
1292,"Denise","Blackburn","0.03"
1295,"Rebecca","Daniel","0.03"
399,"Denise","Young","0.03"
1297,"Danny","Taylor","0.03"
1930,"Anita","Gonzalez","0.03"
1302,"Christopher","Lopez","0.03"
1306,"Robert","Brown","0.03"
1931,"James","Hudson","0.03"
1312,"Martin","Garcia","0.03"
391,"Steven","Frazier","0.03"
1317,"Courtney","Moran","0.03"
1326,"Samuel","Becker","0.03"
382,"Lance","Salazar","0.03"
381,"Tabitha","Hudson","0.03"
376,"Chelsea","Mitchell","0.03"
1334,"Julie","Gomez","0.03"
373,"Julie","Yates","0.03"
1339,"Derrick","Ortiz","0.03"
368,"Sheila","Sosa","0.03"
1343,"Kimberly","Wood","0.03"
1345,"Jeremy","Ward","0.03"
367,"Tracy","Harris","0.03"
361,"Kimberly","Torres","0.03"
1353,"Beth","Jones","0.03"
1355,"Aaron","Mcdaniel","0.03"
359,"Diana","Griffin","0.03"
1358,"Alyssa","Miller","0.03"
358,"Brenda","Collins","0.03"
1933,"Tracy","Martinez","0.03"
357,"Christopher","Rios","0.03"
1368,"Jorge","Lee","0.03"
1370,"Vincent","Wilson","0.03"
1381,"Shelley","Murphy","0.03"
1382,"Robin","Carr","0.03"
1385,"Thomas","Ball","0.03"
1388,"Steven","Richardson","0.03"
1389,"Deborah","Hood","0.03"
1390,"Laura","Campbell","0.03"
1397,"Tony","Montgomery","0.03"
344,"Robert","Johnson","0.03"
342,"Donald","Carson","0.03"
337,"Scott","Hughes","0.03"
1407,"Rebecca","Spencer","0.03"
1411,"Julie","Nichols","0.03"
1413,"William","Ryan","0.03"
1421,"Suzanne","Owens","0.03"
1939,"Michael","Adams","0.03"
329,"Matthew","Anderson","0.03"
1426,"Patricia","Garrison","0.03"
1427,"Amanda","Davis","0.03"
1432,"Angela","Elliott","0.03"
1440,"Kathryn","Sanchez","0.03"
1441,"Jeremy","Cook","0.03"
1445,"Jennifer","Gonzales","0.03"
1943,"Andrew","Olson","0.03"
1454,"Peter","Peck","0.03"
1455,"Chris","Greene","0.03"
1463,"Allison","Hendricks","0.03"
315,"Joel","Hicks","0.03"
1469,"Kimberly","Dyer","0.03"
1470,"Nicole","Grant","0.03"
1479,"Kevin","Holt","0.03"
310,"Miranda","Johnson","0.03"
1948,"Tracy","Hendricks","0.03"
309,"Ashley","Garcia","0.03"
1487,"Megan","Bright","0.03"
298,"Tracy","Johnson","0.03"
296,"Julie","Carey","0.03"
1505,"Cynthia","White","0.03"
294,"Brenda","Nichols","0.03"
1509,"Mark","Smith","0.03"
1951,"Vicki","Jackson","0.03"
1511,"Jennifer","Fuentes","0.03"
291,"Robin","Parker","0.03"
1518,"Kimberly","Miller","0.03"
1519,"Andrew","Stanley","0.03"
285,"Catherine","Weiss","0.03"
1521,"Mindy","Jones","0.03"
1523,"Amanda","Padilla","0.03"
1952,"Anne","Malone","0.03"
1953,"Danielle","Johnson","0.03"
1540,"Kimberly","Cooper","0.03"
1955,"Andrea","Delgado","0.03"
1548,"William","Clay","0.03"
270,"Melissa","Marshall","0.03"
1958,"Cindy","Bradley","0.03"
263,"Nicholas","Sanders","0.03"
260,"Nathan","Padilla","0.03"
1570,"Eric","Heath","0.03"
1574,"Paula","Hernandez","0.03"
249,"Stacy","Jordan","0.03"
1581,"Laura","Thornton","0.03"
1583,"Kristin","Gilbert","0.03"
239,"John","Conley","0.03"
237,"Kyle","James","0.03"
1590,"Donna","Hoffman","0.03"
1593,"Derrick","Tucker","0.03"
1596,"Isaac","Santos","0.03"
231,"William","Torres","0.03"
216,"Chad","Morgan","0.03"
1614,"Evan","Francis","0.03"
1996,"Alan","Reynolds","0.03"
209,"Amanda","Willis","0.03"
1629,"Ann","Scott","0.03"
1639,"James","Compton","0.03"
1641,"Stephanie","Green","0.03"
1642,"Garrett","Nichols","0.03"
20,"Angela","Rios","0.03"
198,"Erica","Cochran","0.03"
1997,"Thomas","Gilbert","0.03"
1648,"Anthony","Arnold","0.03"
195,"Angelica","Johnson","0.03"
193,"Vanessa","Sweeney","0.03"
188,"Kimberly","Lopez","0.03"
1968,"Tiffany","Smith","0.03"
1657,"Lori","Roberts","0.03"
1660,"Rachael","Perry","0.03"
1661,"Kenneth","Gallagher","0.03"
1666,"Daniel","Brewer","0.03"
181,"Christopher","Wolfe","0.03"
176,"Jeremy","Barnes","0.03"
1680,"Alexis","Freeman","0.03"
166,"Lisa","Silva","0.03"
1698,"Mark","Gardner","0.03"
1699,"Laura","Barber","0.03"
1972,"Kimberly","Swanson","0.03"
1706,"Deborah","Miller","0.03"
1710,"James","Sherman","0.03"
1714,"Jon","Mendoza","0.03"
142,"Marc","Villanueva","0.03"
1725,"Teresa","Lopez","0.03"
140,"Lawrence","Russell","0.03"
137,"David","Patel","0.03"
136,"Joanne","Campos","0.03"
18,"Maxwell","Davidson","0.03"
1735,"Duane","Meyers","0.03"
1742,"Caitlin","Moody","0.03"
1745,"Dawn","Fox","0.03"
125,"Jennifer","Miller","0.03"
1757,"Sydney","Wood","0.03"
1762,"Shannon","Weber","0.03"
1763,"Jennifer","Palmer","0.03"
116,"Robert","Hill","0.03"
113,"Charles","Hayes","0.03"
11,"Gabrielle","White","0.03"
1772,"Daniel","Gonzalez","0.03"
1773,"Joseph","Jones","0.03"
106,"Cynthia","Brown","0.03"
102,"Abigail","Perez","0.03"
1981,"Alison","Palmer","0.03"
101,"Rhonda","Jones","0.03"
1786,"Jonathan","Weiss","0.03"
1788,"Tony","Hopkins","0.03"
1984,"Mary","Jackson","0.03"
1799,"Sara","Johnson","0.03"
96,"Victoria","Jones","0.03"
1805,"Tyler","Moore","0.03"
1806,"Sharon","Martinez","0.03"
6,"Kelly","Wade","0.03"
1811,"Christopher","Gutierrez","0.03"
87,"Jennifer","Berry","0.03"
1817,"William","Khan","0.03"
1821,"Laura","Wright","0.03"
1825,"Joseph","Garcia","0.03"
1826,"Michael","York","0.03"
8,"George","Short","0.03"
1833,"Steven","Webster","0.03"
1837,"Victoria","Taylor","0.03"
1838,"Joseph","Dixon","0.03"
1841,"Danielle","Kelley","0.03"
1989,"Charles","Miller","0.03"
1848,"Peter","Santos","0.03"
1850,"Michael","Davis","0.03"
1860,"Christopher","Mcconnell","0.03"
75,"Anna","Li","0.03"
1868,"Gregory","Lee","0.03"
68,"Steven","Stephens","0.03"
1876,"Joshua","Walker","0.03"
1879,"Miguel","Nicholson","0.03"
1882,"Bridget","Martin","0.03"
1883,"Maureen","Hart","0.03"
65,"Eric","Reyes","0.03"
742,"Breanna","Lee","0.03"
731,"Justin","Hughes","0.03"
750,"Adam","Herring","0.03"
754,"Angel","Garner","0.03"
756,"Nicole","Perry","0.03"
758,"Ian","Scott","0.03"
759,"Kari","Hernandez","0.03"
762,"Christopher","Ayala","0.03"
725,"Theresa","Gray","0.03"
766,"Michael","Aguirre","0.03"
722,"Mark","Brown","0.03"
718,"Alyssa","Gallagher","0.03"
773,"Brian","David","0.03"
774,"Heather","Brooks","0.03"
777,"Heather","Donaldson","0.03"
779,"Sean","Thomas","0.03"
716,"Kelly","Church","0.03"
715,"Maria","Barker","0.03"
784,"Henry","Spencer","0.03"
707,"Anthony","Armstrong","0.03"
793,"Kelly","Rivera","0.03"
799,"Jerry","Jones","0.03"
702,"Barbara","Petersen","0.03"
1886,"Angela","Koch","0.03"
808,"Anthony","Gomez","0.03"
700,"Dennis","Park","0.03"
810,"Brianna","Gutierrez","0.03"
696,"Jackson","Olson","0.03"
820,"Steven","Alvarez","0.03"
689,"Aaron","Williamson","0.03"
686,"Hayley","Case","0.03"
834,"James","Bridges","0.03"
835,"Alexander","Fowler","0.03"
680,"Jeffrey","Price","0.03"
840,"Melanie","Carter","0.03"
841,"Randy","Lopez","0.03"
677,"Thomas","Nelson","0.03"
61,"Michelle","Roman","0.03"
676,"Hannah","Garcia","0.03"
674,"Jeremiah","Stanley","0.03"
672,"Katie","Davenport","0.03"
670,"Jose","Dominguez","0.03"
1889,"Christopher","Pace","0.03"
276,"Patrick","Vazquez","0.01"
1190,"Hector","Cox","0.01"
1539,"Jesse","Green","0.01"
1376,"Debra","Reynolds","0.01"
1935,"Sherri","Cruz","0.01"
349,"Henry","Pitts","0.01"
1380,"Andres","Rodriguez","0.01"
977,"Pamela","Flores","0.01"
348,"Ricky","Nichols","0.01"
1294,"Tyler","Green","0.01"
891,"John","Castillo","0.01"
1291,"Todd","Stephens","0.01"
38,"Michael","Gilmore","0.01"
402,"Teresa","Stafford","0.01"
345,"Melissa","Le","0.01"
408,"Matthew","Griffin","0.01"
1937,"Melissa","Simmons","0.01"
1279,"Danielle","Tran","0.01"
1814,"Drew","Mccann","0.01"
1816,"Tina","Rose","0.01"
1400,"Nathan","Calhoun","0.01"
1274,"Sharon","Stephenson","0.01"
338,"Cody","Jimenez","0.01"
1273,"Ryan","Hensley","0.01"
867,"Stephanie","Hernandez","0.01"
1406,"Christine","Nelson","0.01"
86,"Dennis","Kim","0.01"
1269,"Jessica","Smith","0.01"
1409,"Stacy","Sanders","0.01"
1263,"Charles","Gill","0.01"
964,"Shelia","Rogers","0.01"
333,"Jeffrey","Shannon","0.01"
1260,"Mark","Delgado","0.01"
332,"Carla","Lewis","0.01"
1416,"Laura","Baxter","0.01"
331,"Sydney","Johnson","0.01"
1419,"Jason","Myers","0.01"
1420,"Mary","Arnold","0.01"
633,"Walter","King","0.01"
1422,"Misty","Stewart","0.01"
1987,"David","Frank","0.01"
1424,"Jordan","Rocha","0.01"
1904,"Luke","Hernandez","0.01"
1255,"Albert","Anderson","0.01"
1429,"Melissa","Robinson","0.01"
1430,"Kathryn","Rivera","0.01"
421,"Patricia","Mccormick","0.01"
796,"Earl","Santana","0.01"
1253,"Eric","Jones","0.01"
1925,"Jeremy","Tran","0.01"
1941,"Matthew","Gonzalez","0.01"
328,"Miranda","Ruiz","0.01"
1437,"Daniel","Thomas","0.01"
1438,"Brian","Hess","0.01"
1439,"Jessica","Mathews","0.01"
634,"Lisa","Bean","0.01"
327,"Steven","Barrett","0.01"
1443,"Olivia","Garza","0.01"
1995,"Steven","Lewis","0.01"
82,"Lisa","Harris","0.01"
1446,"Samantha","Rodriguez","0.01"
326,"Laura","Miller","0.01"
422,"Sandra","Jacobs","0.01"
1249,"Amy","Hicks","0.01"
1248,"Timothy","Hall","0.01"
1831,"Margaret","Santos","0.01"
1832,"Hailey","Arroyo","0.01"
1944,"Jennifer","Johnson","0.01"
1247,"Donna","Andrews","0.01"
1945,"Benjamin","Marks","0.01"
428,"Jill","Sexton","0.01"
1461,"Ruth","Miller","0.01"
1834,"Tina","Harrison","0.01"
1465,"Gregory","Ryan","0.01"
429,"Jennifer","Kemp","0.01"
36,"Kelly","Farley","0.01"
1835,"Andrew","Nunez","0.01"
954,"Melissa","Richard","0.01"
1471,"Peter","Anderson","0.01"
1474,"Mark","Robinson","0.01"
1476,"Shelby","Lewis","0.01"
312,"Erik","Butler","0.01"
1478,"Cynthia","Martinez","0.01"
836,"Andrew","Wong","0.01"
1234,"Jaime","Houston","0.01"
1922,"Daniel","Martin","0.01"
304,"Amanda","Davis","0.01"
837,"Bobby","Valdez","0.01"
438,"Caitlin","Murillo","0.01"
1489,"Brenda","Houston","0.01"
1490,"Daniel","Lee","0.01"
301,"Terry","Chen","0.01"
1226,"Jill","Anderson","0.01"
1920,"Kyle","Novak","0.01"
1219,"Michelle","Dixon","0.01"
442,"Mathew","Burns","0.01"
1497,"Cory","Cook","0.01"
299,"Sarah","Oconnor","0.01"
1499,"Jeffrey","Moore","0.01"
1208,"Sean","Erickson","0.01"
1842,"Michael","Mccall","0.01"
449,"Jessica","Mendoza","0.01"
802,"Jessica","Young","0.01"
1845,"Caitlin","Duncan","0.01"
29,"Jeffrey","Blanchard","0.01"
590,"Eric","Bowers","0.01"
884,"Alison","Webster","0.01"
1512,"Jennifer","Arnold","0.01"
292,"Cynthia","Shields","0.01"
1516,"Hayley","Johnson","0.01"
1849,"Daryl","Arnold","0.01"
881,"Jessica","Shannon","0.01"
948,"Amanda","Bush","0.01"
1853,"Shane","Payne","0.01"
78,"Rhonda","Davenport","0.01"
1197,"Rick","Garcia","0.01"
1196,"Ryan","Sutton","0.01"
1526,"Stephanie","Spencer","0.01"
452,"Ryan","Cruz","0.01"
279,"Victoria","Vasquez","0.01"
454,"Joseph","Schmidt","0.01"
278,"Robert","Salazar","0.01"
1191,"Michelle","Mendoza","0.01"
1855,"George","Duran","0.01"
1534,"Michael","Harrington","0.01"
1856,"Donald","Carney","0.01"
275,"Randy","Rodriguez","0.01"
1954,"Willie","Miller","0.01"
455,"Daniel","Brown","0.01"
271,"Jacob","Henderson","0.01"
946,"Daniel","Smith","0.01"
646,"Levi","Mason","0.01"
268,"Whitney","Holmes","0.01"
1182,"Brent","Burton","0.01"
1177,"Derrick","Hartman","0.01"
1560,"Mark","Duke","0.01"
459,"Crystal","Nguyen","0.01"
1863,"Nathan","Fitzpatrick","0.01"
1175,"Terry","Dean","0.01"
1565,"Robert","Hernandez","0.01"
1566,"Anthony","Walton","0.01"
1567,"Meghan","Lewis","0.01"
461,"Brenda","Powers","0.01"
253,"Vincent","Robertson","0.01"
252,"Debra","Valdez","0.01"
1917,"Rebecca","Castillo","0.01"
464,"Kimberly","West","0.01"
1865,"Billy","Compton","0.01"
1577,"Christina","Nguyen","0.01"
1165,"Rebecca","Roman","0.01"
247,"Willie","Ellis","0.01"
1867,"Victor","Andrade","0.01"
244,"Jeremy","Daniels","0.01"
64,"Veronica","Cameron","0.01"
938,"William","Kelly","0.01"
1870,"Kristopher","Murray","0.01"
1961,"Peter","Rice","0.01"
1589,"Zachary","Houston","0.01"
1591,"Austin","Sanders","0.01"
235,"Linda","Adams","0.01"
71,"Jill","Perez","0.01"
233,"Catherine","Owens","0.01"
1163,"Jeremy","Montgomery","0.01"
600,"Lindsay","Morales","0.01"
1162,"Jessica","Ferrell","0.01"
466,"Clayton","Green","0.01"
1874,"David","Castro","0.01"
1601,"Joseph","Patterson","0.01"
1157,"Miguel","Hernandez","0.01"
1153,"Desiree","Moore","0.01"
219,"Theresa","Tucker","0.01"
870,"Justin","Kelly","0.01"
1150,"Daniel","Stephens","0.01"
1141,"Laura","Stone","0.01"
214,"Melissa","Roberts","0.01"
213,"Trevor","Cruz","0.01"
1613,"Laura","Sanders","0.01"
847,"Robert","Anderson","0.01"
1137,"Julia","Day","0.01"
935,"Tiffany","Fields","0.01"
210,"Michele","Thomas","0.01"
1620,"Christian","Blankenship","0.01"
1621,"Todd","Williams","0.01"
601,"Gary","Patel","0.01"
1623,"Madeline","Hart","0.01"
1122,"Veronica","Hopkins","0.01"
1120,"Melissa","Terry","0.01"
1964,"David","Calderon","0.01"
496,"Stephen","Gallagher","0.01"
1628,"Gary","Odonnell","0.01"
869,"Carol","Cortez","0.01"
205,"April","Ryan","0.01"
204,"Christina","Davis","0.01"
201,"Anthony","Jackson","0.01"
1634,"Jonathan","Torres","0.01"
1965,"James","Gordon","0.01"
1638,"Jennifer","Stewart","0.01"
1880,"Daniel","Murray","0.01"
1640,"David","Bates","0.01"
811,"John","Henderson","0.01"
199,"Karen","Watson","0.01"
876,"Joseph","Jackson","0.01"
667,"Phillip","Bennett","0.01"
739,"Carla","Brandt","0.01"
695,"Richard","Gibson","0.01"
744,"William","Lester","0.01"
192,"Mike","Harris","0.01"
1106,"Jose","Wood","0.01"
602,"Michelle","Ortiz","0.01"
501,"Corey","Davis","0.01"
1655,"Kevin","Morgan","0.01"
734,"Austin","Dunn","0.01"
1658,"Robert","Kirby","0.01"
652,"Rachel","Jones","0.01"
1101,"Sabrina","Zavala","0.01"
185,"Rachel","Hill","0.01"
1099,"Steven","Allen","0.01"
182,"Jason","Bell","0.01"
694,"Lisa","Murphy","0.01"
751,"David","Ramirez","0.01"
508,"Eric","Snyder","0.01"
752,"Angela","Brown","0.01"
1672,"Luis","Knight","0.01"
1093,"George","Kerr","0.01"
174,"John","Bennett","0.01"
1090,"William","Fleming","0.01"
19,"Jonathan","Werner","0.01"
171,"Rebecca","Norris","0.01"
517,"Alicia","Rodriguez","0.01"
727,"Ann","Mccann","0.01"
1681,"Scott","Baxter","0.01"
1075,"Grant","Mason","0.01"
1683,"Nancy","Montes","0.01"
169,"Fernando","Sexton","0.01"
1686,"William","Holt","0.01"
1071,"Melissa","Wright","0.01"
1070,"David","Mendoza","0.01"
1971,"James","Bryant","0.01"
165,"Denise","Schneider","0.01"
164,"Nicholas","Clayton","0.01"
1693,"Dennis","Gonzalez","0.01"
161,"Ryan","Smith","0.01"
755,"Lisa","Cowan","0.01"
818,"Judy","Pugh","0.01"
1700,"Nicole","Weeks","0.01"
1702,"Whitney","Walls","0.01"
726,"Ashley","Ayers","0.01"
155,"Nancy","Moore","0.01"
819,"Henry","Craig","0.01"
1064,"James","Acosta","0.01"
1893,"Brandon","Butler","0.01"
1973,"Beverly","Dawson","0.01"
1058,"Angela","Moore","0.01"
1713,"Jesse","Melton","0.01"
1716,"Lindsay","Love","0.01"
532,"Daniel","Jackson","0.01"
1055,"Rebecca","Carpenter","0.01"
1054,"Anne","Johnston","0.01"
143,"Cathy","Wilson","0.01"
923,"Shelly","Dominguez","0.01"
821,"Rebecca","Mckay","0.01"
1726,"Laura","Allen","0.01"
1727,"Lisa","Sosa","0.01"
763,"Jacqueline","Frazier","0.01"
138,"Michelle","Hill","0.01"
922,"John","Riley","0.01"
823,"Heather","Bentley","0.01"
135,"Christopher","Jenkins","0.01"
1734,"Kyle","Harrison","0.01"
691,"Michael","Hinton","0.01"
1736,"Marissa","May","0.01"
1737,"Shane","Lopez","0.01"
1043,"David","Vasquez","0.01"
127,"Brian","Lee","0.01"
720,"Ryan","Brown","0.01"
1743,"Justin","Ryan","0.01"
1746,"David","Ochoa","0.01"
1747,"Bonnie","Brown","0.01"
1749,"Molly","Meadows","0.01"
1033,"John","Gardner","0.01"
553,"Alexander","Daniel","0.01"
555,"Chelsea","Clark","0.01"
654,"Laura","Rivera","0.01"
119,"Andrew","Dixon","0.01"
12,"Clinton","Randolph","0.01"
118,"Beth","Bell","0.01"
1026,"Jesse","Hawkins","0.01"
851,"Jessica","Williams","0.01"
827,"Thomas","Hernandez","0.01"
114,"Kelsey","Brown","0.01"
776,"Betty","Nash","0.01"
109,"Alexandra","Gibson","0.01"
1907,"Aaron","Allen","0.01"
559,"Justin","Mitchell","0.01"
778,"Ebony","Shepherd","0.01"
1020,"Robert","Foley","0.01"
561,"Christopher","Hines","0.01"
844,"Shannon","Graham","0.01"
685,"Kenneth","Clark","0.01"
916,"Regina","Spencer","0.01"
1000,"Dennis","Summers","0.01"
623,"William","Brennan","0.01"
388,"John","Carey","0.01"
383,"Melissa","Williamson","0.01"
1787,"Renee","Smith","0.01"
1327,"Carlos","Flynn","0.01"
683,"Allison","Alvarado","0.01"
573,"Carlos","Ramirez","0.01"
379,"Casey","Galvan","0.01"
1321,"Edward","Smith","0.01"
1332,"Angela","Collins","0.01"
996,"Eric","Davis","0.01"
994,"Oscar","Gonzalez","0.01"
389,"Sara","Cochran","0.01"
991,"Victoria","Garcia","0.01"
1319,"Dakota","Clark","0.01"
990,"Arthur","Harris","0.01"
1340,"Calvin","Huynh","0.01"
1314,"Timothy","Bailey","0.01"
1795,"Casey","Hall","0.01"
1344,"Gina","Kennedy","0.01"
1898,"Nicole","Smith","0.01"
396,"Courtney","Rodriguez","0.01"
1348,"Pamela","Moyer","0.01"
1309,"Jennifer","Martin","0.01"
896,"Joseph","Harper","0.01"
1354,"Kathryn","Bates","0.01"
894,"Elizabeth","Smith","0.01"
576,"Rita","Cochran","0.01"
1359,"Lisa","Best","0.01"
1803,"Tony","Castillo","0.01"
1804,"Brian","Kelly","0.01"
711,"Alejandra","Johns","0.01"
353,"Ryan","Hull","0.01"
1366,"Christina","Velasquez","0.01"
1367,"Thomas","Calderon","0.01"
352,"Tammy","Barry","0.01"
578,"Alexandra","Robinson","0.01"
1371,"Richard","Ryan","0.01"
1374,"Charles","May","0.01"
34,"Phyllis","Diaz","0.01"
857,"Benjamin","Davis","0.00"
989,"Laura","Russell","0.00"
792,"Caroline","Cooper","0.00"
1543,"Jose","Hodge","0.00"
1858,"Elizabeth","Hawkins","0.00"
273,"Kevin","Camacho","0.00"
121,"Jordan","Bennett","0.00"
1513,"Laura","Smith","0.00"
1908,"Wendy","Burch","0.00"
864,"Melinda","Velazquez","0.00"
28,"Peter","Gibbs","0.00"
1096,"Jordan","Sheppard","0.00"
457,"Lance","Parsons","0.00"
1183,"Victor","Bright","0.00"
1095,"Jodi","Price","0.00"
1991,"Anthony","Moore","0.00"
1178,"Mark","Stevens","0.00"
1861,"Kyle","Rodriguez","0.00"
1308,"Elizabeth","Smith","0.00"
1862,"Rhonda","Cook","0.00"
1277,"Hayley","Abbott","0.00"
511,"Sandra","Prince","0.00"
91,"Patrick","Parker","0.00"
1844,"Franklin","Riley","0.00"
254,"Karen","Spencer","0.00"
772,"Diane","Spears","0.00"
427,"Monique","Peterson","0.00"
953,"Megan","Whitaker","0.00"
952,"Anna","Wolf","0.00"
1766,"Erin","Cannon","0.00"
648,"April","Humphrey","0.00"
612,"Kevin","Hess","0.00"
1363,"David","Bradford","0.00"
317,"Nancy","Jones","0.00"
1934,"Christopher","Montgomery","0.00"
1166,"Frank","Lopez","0.00"
593,"William","Johns","0.00"
1685,"Christine","Rivera","0.00"
636,"Heather","Jefferson","0.00"
1579,"Madeline","Holmes","0.00"
688,"Tara","Thomas","0.00"
1514,"David","Shaw","0.00"
692,"Alex","Shelton","0.00"
709,"Melinda","Sanchez","0.00"
241,"Peter","Garner","0.00"
307,"Lauren","Miller","0.00"
238,"Christopher","Cook","0.00"
687,"Vanessa","Martinez","0.00"
1496,"Jeffrey","Conley","0.00"
1066,"Donald","Contreras","0.00"
1871,"Wanda","Pearson","0.00"
1695,"Ronald","Palmer","0.00"
1013,"Denise","Rodriguez","0.00"
157,"Anita","Moore","0.00"
48,"Billy","Soto","0.00"
1008,"Austin","Matthews","0.00"
398,"Francisco","Reilly","0.00"
1701,"Ricky","Walker","0.00"
100,"Kimberly","Ward","0.00"
1007,"Jeffery","Mcdonald","0.00"
469,"Margaret","Mullins","0.00"
156,"Matthew","Newman","0.00"
99,"Derrick","Figueroa","0.00"
1154,"Jessica","Turner","0.00"
1299,"Scott","Owens","0.00"
1238,"Heather","Marsh","0.00"
1059,"Maria","Obrien","0.00"
154,"William","Graves","0.00"
387,"Patricia","Watson","0.00"
1139,"Nicole","Daniel","0.00"
1610,"Rhonda","Munoz","0.00"
963,"Hunter","Miller","0.00"
1531,"Eduardo","Brown","0.00"
1950,"Pamela","Smith","0.00"
760,"Mary","Haynes","0.00"
211,"Tim","Turner","0.00"
1616,"Bobby","Miller","0.00"
148,"Matthew","Jackson","0.00"
1936,"Elizabeth","Adams","0.00"
1852,"Jamie","Carter","0.00"
145,"Sherry","Phillips","0.00"
537,"Michelle","Roth","0.00"
1500,"Stacey","Williams","0.00"
1418,"Kayla","Schwartz","0.00"
971,"Andrew","Miller","0.00"
1447,"Anthony","Adams","0.00"
141,"James","Singh","0.00"
1472,"Christine","Hernandez","0.00"
1830,"Jonathon","Wilson","0.00"
1335,"Bryan","Mitchell","0.00"
1947,"Melissa","Finley","0.00"
1289,"Lucas","Jenkins","0.00"
1112,"Jonathan","Johnson","0.00"
657,"Jeffery","Parker","0.00"
822,"James","Reynolds","0.00"
1847,"Rebecca","Gibbs","0.00"
1111,"Diana","Long","0.00"
1108,"Thomas","George","0.00"
965,"Laura","Walker","0.00"
1452,"John","Wells","0.00"
1794,"Lisa","Estes","0.00"
50,"Sonia","Noble","0.00"
1823,"Christopher","Jensen","0.00"
1282,"Sean","Rodriguez","0.00"
1051,"Chelsea","Taylor","0.00"
1983,"Debra","Gilbert","0.00"
1107,"Michelle","Mcdonald","0.00"
543,"Monica","Williams","0.00"
1236,"Brian","Crawford","0.00"
737,"Tracie","Weeks","0.00"
705,"Autumn","Jones","0.00"
1537,"Renee","Smith","0.00"
1744,"Joseph","Griffin","0.00"
611,"Courtney","Patterson","0.00"
31,"Angie","Miller","0.00"
362,"Jeffrey","Booker","0.00"
746,"Thomas","Stone","0.00"
770,"William","Dean","0.00"
1201,"Katherine","Taylor","0.00"
1659,"Eric","Ross","0.00"
603,"Susan","Lynch","0.00"
546,"Andrew","Thomas","0.00"
550,"Kristina","Watson","0.00"
