"id","first_name","last_name","subjects_above_80"
1,"Paul","Casey",3
2,"Danielle","Sandoval",6
3,"Tina","Andrews",4
7,"Anthony","Smith",4
8,"George","Short",4
9,"Stanley","Gutierrez",4
11,"Gabrielle","White",3
14,"Pamela","Jackson",4
15,"Laura","Jackson",6
17,"Vicki","Thompson",4
18,"Maxwell","Davidson",4
19,"Jonathan","Werner",6
21,"Tim","Nichols",4
22,"Kyle","Willis",3
25,"Cassandra","West",6
26,"Patricia","Chavez",6
27,"Jason","Williams",3
28,"Peter","Gibbs",3
30,"Carol","Hill",3
31,"Angie","Miller",5
32,"Cynthia","Knapp",3
33,"Timothy","Bryant",4
34,"Phyllis","Diaz",3
35,"Lisa","Burns",4
37,"Ryan","Lee",5
38,"Michael","Gilmore",6
39,"Miguel","Martinez",3
40,"Christopher","Taylor",3
41,"Emily","Holloway",4
43,"Lauren","Farmer",5
44,"Pamela","Cole",5
47,"Elizabeth","Martin",4
48,"Billy","Soto",3
50,"Sonia","Noble",5
51,"Christopher","Stewart",3
52,"Sandra","Thornton",4
54,"Lindsay","Pruitt",5
55,"Jamie","Taylor",3
56,"Jennifer","Murphy",3
57,"Melissa","Lee",4
59,"Jacob","Hanson",5
60,"Casey","May",5
61,"Michelle","Roman",4
62,"Brittany","Koch",5
64,"Veronica","Cameron",4
67,"Anthony","Smith",3
69,"Henry","Davis",3
70,"Raymond","Shea",5
71,"Jill","Perez",5
72,"Kimberly","Bonilla",5
75,"Anna","Li",3
76,"Andrea","Case",6
77,"Jennifer","Garcia",4
78,"Rhonda","Davenport",3
80,"Shawn","Chase",3
81,"Elizabeth","Calhoun",3
82,"Lisa","Harris",3
84,"Charles","Butler",5
88,"Yvette","Bridges",5
89,"Robert","Atkins",4
92,"James","Santiago",3
93,"Robert","Parsons",3
96,"Victoria","Jones",5
97,"Natasha","Hansen",3
98,"Thomas","White",4
99,"Derrick","Figueroa",5
100,"Kimberly","Ward",5
101,"Rhonda","Jones",3
102,"Abigail","Perez",4
105,"Emma","Wright",3
106,"Cynthia","Brown",4
107,"Erin","Kelley",5
108,"Benjamin","Morse",5
109,"Alexandra","Gibson",3
111,"Joshua","Gonzalez",5
113,"Charles","Hayes",3
121,"Jordan","Bennett",3
122,"Antonio","Caldwell",6
123,"Jacob","Reyes",6
124,"Wendy","Lewis",6
125,"Jennifer","Miller",3
126,"Lisa","Ware",3
127,"Brian","Lee",4
128,"Mario","Taylor",3
130,"Michael","Miller",4
131,"Amanda","Vasquez",4
132,"Chelsea","Obrien",3
134,"Cory","Perez",3
135,"Christopher","Jenkins",5
136,"Joanne","Campos",4
137,"David","Patel",3
139,"Jessica","Boyd",5
140,"Lawrence","Russell",4
141,"James","Singh",3
142,"Marc","Villanueva",3
143,"Cathy","Wilson",3
145,"Sherry","Phillips",3
146,"Victor","Jones",4
148,"Matthew","Jackson",4
149,"Tanya","Nichols",4
153,"Elizabeth","Robinson",5
155,"Nancy","Moore",4
156,"Matthew","Newman",3
157,"Anita","Moore",3
160,"Michael","Rivas",3
162,"Anthony","Sullivan",3
163,"Troy","Shepherd",5
164,"Nicholas","Clayton",6
165,"Denise","Schneider",3
166,"Lisa","Silva",4
168,"Amy","Peterson",3
169,"Fernando","Sexton",4
170,"Evan","Christian",3
171,"Rebecca","Norris",4
172,"Erica","Marks",3
173,"Rhonda","Webster",3
174,"John","Bennett",3
175,"Amanda","Murphy",3
176,"Jeremy","Barnes",3
177,"John","Brown",5
178,"Traci","Boyd",4
179,"Elizabeth","Butler",6
180,"Alex","Clark",3
182,"Jason","Bell",3
183,"Victoria","Donaldson",4
184,"Logan","Cox",3
185,"Rachel","Hill",4
187,"Joan","Cohen",3
188,"Kimberly","Lopez",3
189,"Steven","Walker",4
190,"Sonia","Bowers",5
191,"Penny","Perez",6
193,"Vanessa","Sweeney",4
194,"Adam","Edwards",4
195,"Angelica","Johnson",3
197,"Mark","Myers",4
198,"Erica","Cochran",4
199,"Karen","Watson",4
200,"Kathryn","Frazier",4
201,"Anthony","Jackson",4
202,"Jordan","Perez",4
204,"Christina","Davis",3
205,"April","Ryan",6
206,"Maxwell","Davis",4
207,"Matthew","Guzman",4
209,"Amanda","Willis",3
211,"Tim","Turner",6
212,"Joe","Strickland",3
213,"Trevor","Cruz",3
214,"Melissa","Roberts",3
215,"Tammy","Miller",3
216,"Chad","Morgan",5
217,"Samantha","Maldonado",4
220,"Joseph","Morris",3
221,"Charles","Parker",3
222,"Rachel","Alvarez",5
227,"Emily","Mcclure",3
229,"Roberto","Evans",5
231,"William","Torres",6
232,"Lisa","Gardner",5
233,"Catherine","Owens",5
234,"Keith","Summers",6
235,"Linda","Adams",4
236,"Michael","Wright",3
237,"Kyle","James",6
238,"Christopher","Cook",3
239,"John","Conley",3
240,"David","Barnett",3
241,"Peter","Garner",5
243,"Heidi","Jones",4
244,"Jeremy","Daniels",3
245,"Dustin","Dodson",3
247,"Willie","Ellis",3
248,"Robert","Hawkins",5
249,"Stacy","Jordan",3
250,"Robert","Swanson",6
251,"Holly","Henderson",5
255,"Nathan","Riley",6
256,"Andrea","Sutton",6
257,"Tracey","Turner",3
260,"Nathan","Padilla",3
261,"Sarah","Santiago",6
262,"Christopher","Cruz",3
264,"Jessica","Waters",3
266,"Adam","Kane",5
267,"Patricia","Gonzalez",4
268,"Whitney","Holmes",4
269,"Rachel","Hamilton",4
271,"Jacob","Henderson",3
273,"Kevin","Camacho",3
275,"Randy","Rodriguez",4
276,"Patrick","Vazquez",3
277,"Kim","Flores",4
279,"Victoria","Vasquez",3
280,"Ricardo","Macias",4
281,"Brandi","Bauer",3
282,"Jorge","Roth",5
283,"Benjamin","Davis",4
284,"Nancy","Pierce",4
285,"Catherine","Weiss",3
286,"Jacob","Perez",5
287,"Penny","Zuniga",5
288,"Anthony","Cox",3
290,"Lisa","White",4
292,"Cynthia","Shields",3
293,"Pamela","Wilkinson",5
294,"Brenda","Nichols",5
295,"Laura","Rodriguez",3
296,"Julie","Carey",3
298,"Tracy","Johnson",3
299,"Sarah","Oconnor",4
300,"Joseph","Landry",5
302,"Heather","Faulkner",3
303,"Wanda","Baxter",3
308,"Jessica","Diaz",6
309,"Ashley","Garcia",3
310,"Miranda","Johnson",3
312,"Erik","Butler",6
313,"Tiffany","Jones",4
314,"Brandy","Campbell",4
315,"Joel","Hicks",6
317,"Nancy","Jones",3
318,"Jody","Mueller",4
319,"Steven","Fox",3
320,"Taylor","Klein",4
321,"David","Barron",3
322,"Kevin","Thompson",6
323,"Andrea","Walters",4
324,"David","Wright",3
326,"Laura","Miller",3
327,"Steven","Barrett",4
331,"Sydney","Johnson",4
333,"Jeffrey","Shannon",3
334,"Angela","Park",4
337,"Scott","Hughes",6
338,"Cody","Jimenez",4
340,"James","Young",4
341,"Laura","Dawson",3
342,"Donald","Carson",4
343,"Wayne","Lane",3
344,"Robert","Johnson",4
345,"Melissa","Le",3
347,"Dawn","Gomez",3
348,"Ricky","Nichols",3
349,"Henry","Pitts",5
350,"Christopher","Price",3
352,"Tammy","Barry",3
353,"Ryan","Hull",5
354,"Samuel","Jackson",4
355,"Joshua","Smith",4
358,"Brenda","Collins",3
359,"Diana","Griffin",4
360,"Gary","Gray",3
361,"Kimberly","Torres",5
362,"Jeffrey","Booker",5
363,"Nicole","Buchanan",3
364,"Kristin","Johnson",5
365,"Emily","Bell",4
371,"Timothy","Mann",3
373,"Julie","Yates",3
376,"Chelsea","Mitchell",3
377,"Patrick","Everett",3
379,"Casey","Galvan",5
380,"Eric","Moran",4
381,"Tabitha","Hudson",3
382,"Lance","Salazar",3
384,"James","Castro",3
386,"Gene","Woodward",3
387,"Patricia","Watson",6
388,"John","Carey",5
390,"Jamie","Suarez",4
391,"Steven","Frazier",6
393,"Cheryl","Arias",3
396,"Courtney","Rodriguez",5
398,"Francisco","Reilly",3
400,"Darrell","Williams",5
401,"Andrew","Smith",5
402,"Teresa","Stafford",5
403,"Cory","Harris",3
404,"Douglas","Irwin",3
405,"Deborah","Miller",3
410,"Cynthia","Baker",6
411,"Sandra","Melendez",5
412,"Claudia","Munoz",4
413,"Christopher","Nguyen",6
414,"David","Jennings",3
416,"Rhonda","Bradley",3
417,"Melissa","Brown",3
419,"Austin","Bass",6
420,"Jennifer","West",6
422,"Sandra","Jacobs",3
424,"Jeffrey","Young",3
426,"Christopher","Hamilton",5
427,"Monique","Peterson",4
428,"Jill","Sexton",3
429,"Jennifer","Kemp",4
430,"David","Harris",6
431,"Cheryl","Snyder",3
432,"Nathan","Armstrong",4
435,"Clinton","Martin",6
436,"Adriana","Sandoval",6
437,"Jeremy","Harvey",3
438,"Caitlin","Murillo",3
439,"Andrew","Green",3
440,"Rodney","Bennett",3
441,"Megan","Moyer",4
442,"Mathew","Burns",3
444,"James","Glover",4
445,"Michelle","Reeves",3
446,"Rhonda","Hall",3
449,"Jessica","Mendoza",5
450,"Susan","Brown",5
451,"Lori","Ryan",4
452,"Ryan","Cruz",3
453,"Nicholas","Johnson",5
454,"Joseph","Schmidt",4
455,"Daniel","Brown",5
457,"Lance","Parsons",3
458,"Jill","Mathews",3
459,"Crystal","Nguyen",3
460,"Susan","Perez",3
461,"Brenda","Powers",4
462,"Samuel","Thompson",4
463,"Taylor","Nelson",3
464,"Kimberly","West",3
465,"Brad","Lee",4
466,"Clayton","Green",4
467,"Richard","Anderson",3
468,"Antonio","Flores",5
469,"Margaret","Mullins",5
470,"Michael","Ball",5
471,"Allen","Booth",3
472,"Stephanie","Clark",5
474,"Marco","Clark",6
476,"Christina","Patterson",4
478,"Madison","Jacobs",3
479,"Douglas","Watson",4
480,"Manuel","Barrett",4
483,"Anthony","Mullins",4
484,"Julie","Zamora",4
485,"Maria","Nguyen",4
487,"Whitney","Miller",5
489,"Angela","Allen",3
492,"Michael","Clark",4
493,"Tammy","Fields",3
494,"Steven","Pennington",6
495,"Matthew","Chavez",4
496,"Stephen","Gallagher",3
497,"Victoria","Anderson",3
499,"Mark","Sanchez",3
500,"Katelyn","Moses",3
501,"Corey","Davis",4
502,"Susan","Klein",4
503,"John","Martinez",4
504,"Kendra","Robertson",3
505,"Tamara","Olson",3
506,"Sara","Frazier",5
507,"Morgan","Moore",6
508,"Eric","Snyder",3
509,"Paul","Hale",5
510,"Dale","Martinez",3
511,"Sandra","Prince",3
513,"Emily","Jordan",6
514,"John","Owen",3
515,"Andrew","Best",3
516,"Holly","Burns",6
517,"Alicia","Rodriguez",4
518,"Erin","Ray",3
519,"Todd","Griffith",3
520,"Melinda","Payne",5
523,"Angela","Joyce",5
524,"William","Alvarado",3
525,"Michael","Mercer",4
526,"Erin","Miller",3
529,"Diana","Jones",6
531,"Christina","Garrett",4
532,"Daniel","Jackson",4
533,"Bradley","Robinson",3
537,"Michelle","Roth",4
538,"Christopher","Murphy",4
539,"Mark","Davis",3
540,"Lauren","Harrington",5
542,"Scott","Weaver",6
543,"Monica","Williams",3
544,"Kathryn","Hampton",3
545,"Christina","Shields",6
546,"Andrew","Thomas",4
548,"Christopher","Peterson",4
549,"Eric","Murray",6
550,"Kristina","Watson",4
551,"Greg","Martin",4
552,"Paul","Shaffer",6
553,"Alexander","Daniel",5
555,"Chelsea","Clark",5
556,"Justin","Douglas",6
557,"Charles","Reid",4
561,"Christopher","Hines",3
562,"Theodore","Williams",4
564,"Alexandra","Day",4
565,"John","Pacheco",3
566,"Sherry","Brown",5
567,"Douglas","Clark",5
568,"Alex","Farmer",5
570,"Wayne","Trevino",5
571,"Pamela","Horne",5
573,"Carlos","Ramirez",3
576,"Rita","Cochran",4
577,"Joseph","Gregory",3
578,"Alexandra","Robinson",6
581,"Christina","Guerrero",5
582,"Jessica","Hutchinson",4
583,"Tyler","Carrillo",3
585,"Gary","Rivera",4
588,"Bryan","Lee",6
589,"Melanie","Bridges",6
590,"Eric","Bowers",6
591,"Meredith","Reed",4
592,"David","Brown",3
593,"William","Johns",3
595,"Wendy","Warner",5
596,"Timothy","Powell",3
598,"Jeremy","Brown",4
599,"Barbara","Schneider",4
600,"Lindsay","Morales",6
601,"Gary","Patel",5
603,"Susan","Lynch",6
604,"Tammy","Hernandez",3
606,"Kelly","Schwartz",4
607,"Brittany","Orozco",4
608,"Samantha","Alvarado",3
610,"William","Smith",4
611,"Courtney","Patterson",4
612,"Kevin","Hess",5
613,"Melissa","Higgins",4
614,"Elizabeth","Chavez",3
616,"Joshua","Parker",3
618,"Travis","Ross",6
619,"Kenneth","Buchanan",6
620,"Ryan","Clarke",6
622,"David","Madden",3
624,"Judy","Mckenzie",4
626,"Kyle","Williams",4
630,"Christine","Larson",4
631,"Melinda","Freeman",3
632,"Elizabeth","Smith",5
634,"Lisa","Bean",4
637,"Melinda","Byrd",3
638,"Alexander","Burnett",4
639,"Maria","Campos",3
640,"Lindsey","Anthony",3
641,"Darryl","Schultz",3
642,"Bethany","French",3
644,"Patricia","Hall",4
645,"Ryan","Williams",3
647,"Michael","Vang",3
648,"April","Humphrey",5
649,"Steven","Hancock",3
650,"Chelsea","Olson",3
651,"Emily","Huang",3
652,"Rachel","Jones",4
653,"Philip","Walker",4
654,"Laura","Rivera",3
655,"Pamela","Henry",6
656,"Nicole","Davidson",3
657,"Jeffery","Parker",5
658,"Christopher","Banks",3
659,"Tara","Griffin",3
661,"Elizabeth","Maldonado",4
662,"Samuel","Anderson",5
663,"Xavier","Johnson",3
664,"Lauren","Cordova",6
665,"Amanda","Hawkins",6
666,"Donald","Coleman",4
667,"Phillip","Bennett",5
669,"Katherine","Moore",3
670,"Jose","Dominguez",3
672,"Katie","Davenport",5
674,"Jeremiah","Stanley",5
675,"Isaac","Tucker",4
677,"Thomas","Nelson",3
678,"William","Kennedy",6
679,"Jennifer","Williams",3
680,"Jeffrey","Price",3
681,"Zachary","Burns",3
682,"Curtis","Duffy",4
683,"Allison","Alvarado",3
684,"Jeffery","Kelley",3
685,"Kenneth","Clark",5
686,"Hayley","Case",4
687,"Vanessa","Martinez",6
688,"Tara","Thomas",4
690,"Phillip","Nelson",3
691,"Michael","Hinton",3
692,"Alex","Shelton",4
694,"Lisa","Murphy",3
696,"Jackson","Olson",6
697,"Michael","Waters",5
698,"Daniel","Mcneil",4
700,"Dennis","Park",3
701,"Gregory","Jones",4
702,"Barbara","Petersen",5
704,"Robert","Holmes",3
706,"Richard","Davis",6
707,"Anthony","Armstrong",4
710,"James","Carter",4
712,"Susan","Long",4
713,"Sharon","Allen",5
714,"Leah","Brown",3
715,"Maria","Barker",4
716,"Kelly","Church",3
717,"Michael","Walsh",3
719,"Kelly","Morris",6
720,"Ryan","Brown",4
721,"Maria","Hall",4
722,"Mark","Brown",6
723,"William","Kerr",3
724,"Jake","Gonzalez",4
725,"Theresa","Gray",3
727,"Ann","Mccann",6
728,"Curtis","Bennett",4
729,"Debra","Gutierrez",4
730,"Linda","West",4
731,"Justin","Hughes",5
733,"Larry","Smith",3
734,"Austin","Dunn",4
735,"Michael","Heath",6
736,"Beth","Acosta",5
737,"Tracie","Weeks",4
738,"Brandi","Ray",6
742,"Breanna","Lee",4
744,"William","Lester",4
745,"Joshua","Miller",6
746,"Thomas","Stone",3
747,"Sarah","King",3
748,"Jeffery","Carlson",3
749,"Ashley","Gutierrez",5
751,"David","Ramirez",3
752,"Angela","Brown",4
753,"Eric","Jones",3
754,"Angel","Garner",4
756,"Nicole","Perry",5
757,"Annette","Wells",3
758,"Ian","Scott",3
760,"Mary","Haynes",3
761,"Raymond","Smith",5
762,"Christopher","Ayala",4
763,"Jacqueline","Frazier",5
764,"Jesse","Kelly",4
765,"Teresa","Lee",3
766,"Michael","Aguirre",3
767,"April","Delgado",6
770,"William","Dean",4
773,"Brian","David",3
775,"Pamela","Rodgers",5
778,"Ebony","Shepherd",4
780,"Todd","Howard",6
781,"Julia","Richmond",4
785,"Peter","Yates",6
786,"Robert","Campbell",3
787,"Matthew","Conway",5
790,"Tracy","White",6
791,"Gregory","Welch",6
793,"Kelly","Rivera",5
795,"Craig","Graham",6
796,"Earl","Santana",5
797,"Lisa","Mitchell",6
798,"Michael","Williams",6
799,"Jerry","Jones",4
800,"Matthew","Miles",3
801,"Mary","Cox",3
802,"Jessica","Young",4
804,"Mary","Wyatt",4
805,"Maria","Mercer",4
806,"Erin","Moore",3
807,"Kendra","Dalton",3
809,"Molly","Jackson",4
810,"Brianna","Gutierrez",6
811,"John","Henderson",4
812,"Steven","Martin",4
813,"Tina","Bowers",5
815,"Jeffrey","Thomas",3
816,"Jeffrey","Cox",5
817,"Jennifer","Bautista",3
818,"Judy","Pugh",4
819,"Henry","Craig",3
821,"Rebecca","Mckay",5
824,"Alexis","Hall",4
825,"Ryan","Soto",6
826,"Brent","Clements",5
827,"Thomas","Hernandez",4
830,"Christopher","Jenkins",4
833,"Brittany","Collier",4
834,"James","Bridges",3
835,"Alexander","Fowler",4
836,"Andrew","Wong",3
838,"Mary","Bird",3
839,"Andrew","Rodriguez",3
840,"Melanie","Carter",4
841,"Randy","Lopez",6
842,"David","Cole",4
843,"Jennifer","Baxter",5
844,"Shannon","Graham",3
845,"Stephanie","Bush",4
847,"Robert","Anderson",5
848,"Matthew","Cantu",4
849,"Heather","Johnson",6
850,"Lee","Taylor",3
851,"Jessica","Williams",3
852,"Holly","Sanchez",5
853,"James","Ray",4
855,"Lisa","Brown",4
857,"Benjamin","Davis",3
858,"Sarah","Nielsen",3
859,"Elizabeth","Parks",3
860,"Deborah","Moore",5
862,"Brian","Adams",5
863,"Anthony","Silva",3
865,"Andre","Hoffman",4
866,"Vanessa","Coleman",4
867,"Stephanie","Hernandez",4
870,"Justin","Kelly",3
871,"George","King",3
874,"David","Jones",4
875,"Cody","Smith",3
876,"Joseph","Jackson",4
877,"Adam","Edwards",4
879,"Melissa","Fry",6
880,"Lori","Jacobson",5
881,"Jessica","Shannon",4
882,"Sharon","Ramirez",3
883,"Nicole","Rice",5
885,"Alexander","Mitchell",6
886,"Bryan","Grimes",3
887,"Nicole","Mcdonald",4
888,"Christopher","Ramirez",3
890,"Rebecca","Molina",3
891,"John","Castillo",5
894,"Elizabeth","Smith",4
895,"Scott","Schultz",3
896,"Joseph","Harper",4
897,"Ryan","Salazar",5
899,"Chad","Taylor",3
901,"Pamela","Edwards",4
903,"Robert","Johnson",4
904,"Kevin","Ryan",3
908,"Jessica","Wong",5
909,"Ruben","Meyer",5
910,"Megan","Alexander",6
911,"Jennifer","Gonzalez",3
912,"Carl","Ferguson",3
913,"Valerie","Romero",3
914,"Laura","Romero",3
915,"Heidi","Adams",3
916,"Regina","Spencer",4
917,"Lee","Campbell",4
918,"Noah","Mcdaniel",3
919,"Dorothy","Mitchell",4
922,"John","Riley",6
923,"Shelly","Dominguez",3
925,"David","Perez",3
926,"Nicole","Bell",3
927,"Amanda","Garcia",3
930,"Luis","Frank",3
932,"Michael","Moon",4
933,"Rachel","Hall",4
934,"Thomas","Nguyen",3
937,"Maurice","Nguyen",3
938,"William","Kelly",5
939,"Harry","Hunter",4
940,"Gary","Gentry",3
943,"Patrick","West",4
945,"Jennifer","Torres",4
946,"Daniel","Smith",4
947,"Catherine","Boyle",3
948,"Amanda","Bush",4
951,"Danielle","Martinez",5
952,"Anna","Wolf",3
953,"Megan","Whitaker",6
954,"Melissa","Richard",4
955,"Richard","Small",4
957,"Madison","Callahan",5
958,"Connor","Olson",3
959,"Hunter","Allen",4
960,"Shannon","Johnson",4
962,"Justin","Lester",3
964,"Shelia","Rogers",6
965,"Laura","Walker",3
966,"Ashley","Green",3
968,"Ray","Padilla",6
969,"Jennifer","Cummings",4
970,"Daniel","Peterson",6
971,"Andrew","Miller",4
972,"Scott","Jacobson",4
973,"Jennifer","Baker",3
975,"Melissa","Gonzales",4
977,"Pamela","Flores",3
978,"Amanda","Hernandez",6
979,"Gregory","Schaefer",4
980,"Annette","Logan",3
982,"John","Baker",4
983,"Justin","Lynch",4
984,"Daniel","Knight",5
985,"Angelica","Jones",3
986,"Lance","Nelson",6
987,"Katherine","Jacobson",5
988,"Corey","Taylor",3
989,"Laura","Russell",6
990,"Arthur","Harris",3
992,"David","Gonzales",3
993,"Charles","Thomas",4
994,"Oscar","Gonzalez",6
996,"Eric","Davis",5
997,"Patrick","Martin",3
1000,"Dennis","Summers",3
1002,"Nicole","Williams",4
1003,"Rachel","Frye",3
1004,"Tyler","Cabrera",5
1005,"Maureen","Jones",5
1006,"Pamela","Green",5
1007,"Jeffery","Mcdonald",4
1011,"Brian","Griffin",4
1012,"Dean","Lee",4
1014,"Brendan","Rivera",3
1017,"Joseph","Carpenter",4
1018,"Sarah","Tucker",3
1019,"Steven","Hernandez",3
1020,"Robert","Foley",4
1022,"Walter","Herrera",5
1023,"Sarah","Mckinney",3
1025,"Mary","Garza",4
1026,"Jesse","Hawkins",3
1027,"Jordan","Boyd",4
1029,"Jill","Armstrong",3
1030,"Aaron","Peterson",4
1033,"John","Gardner",4
1034,"Joseph","Petersen",5
1035,"Matthew","Potter",3
1036,"Linda","Munoz",3
1037,"Samantha","Stewart",3
1039,"Sarah","Murphy",3
1040,"Derrick","Melton",4
1041,"Donna","Horne",5
1042,"Natasha","Butler",3
1043,"David","Vasquez",5
1044,"Christopher","Lester",4
1045,"Martin","Franco",5
1046,"Katherine","Donaldson",4
1047,"Harold","Daniels",3
1048,"Michael","Anderson",4
1049,"Nichole","Harrington",3
1050,"Wendy","Clark",6
1051,"Chelsea","Taylor",5
1052,"Jeffrey","Knight",5
1053,"Katelyn","Watkins",3
1055,"Rebecca","Carpenter",5
1056,"Ashley","Baker",3
1057,"Lacey","Norris",5
1058,"Angela","Moore",4
1059,"Maria","Obrien",3
1060,"Rebecca","Larsen",4
1061,"Amanda","Rodriguez",5
1062,"Patrick","Clark",3
1064,"James","Acosta",6
1066,"Donald","Contreras",4
1067,"Kenneth","Mendez",3
1068,"Kenneth","Sparks",4
1069,"Natasha","Morales",3
1070,"David","Mendoza",4
1071,"Melissa","Wright",4
1075,"Grant","Mason",6
1076,"David","Mays",3
1078,"Ross","Sanchez",3
1079,"Robert","Barnett",5
1081,"Jaime","Morrison",4
1083,"Margaret","Smith",5
1084,"Kyle","Garcia",4
1085,"Trevor","Stark",4
1086,"Nathaniel","Adams",3
1087,"Gabriela","Martinez",4
1088,"Debra","Walter",3
1089,"Kimberly","Herrera",3
1090,"William","Fleming",3
1091,"Brandon","Foster",5
1092,"John","Wilson",3
1093,"George","Kerr",5
1095,"Jodi","Price",4
1097,"Tristan","Martinez",3
1098,"Sharon","Chandler",4
1099,"Steven","Allen",4
1100,"Douglas","Robertson",3
1101,"Sabrina","Zavala",5
1102,"Corey","Merritt",3
1103,"Jennifer","Salas",3
1104,"John","Klein",3
1105,"Rachel","Grant",3
1106,"Jose","Wood",5
1108,"Thomas","George",5
1109,"Charles","Torres",3
1111,"Diana","Long",3
1112,"Jonathan","Johnson",5
1113,"Nicole","Robinson",4
1114,"Rebecca","Mckinney",6
1115,"Daniel","Guerrero",5
1116,"Jillian","Dominguez",6
1117,"Samantha","Phillips",5
1118,"Dylan","Rogers",3
1119,"Brittany","Spencer",5
1120,"Melissa","Terry",4
1121,"Robin","Perez",6
1123,"Daniel","Lewis",6
1125,"Stephen","Sosa",4
1127,"David","Hartman",3
1128,"Paul","Taylor",6
1130,"Emma","Jones",6
1131,"Matthew","Aguilar",4
1132,"Brett","Myers",4
1133,"Lisa","Alexander",5
1134,"Stephanie","Allen",4
1135,"Rebecca","Clark",4
1136,"Andrew","Sanders",6
1139,"Nicole","Daniel",4
1140,"Sarah","Wells",3
1141,"Laura","Stone",3
1143,"Catherine","Mccall",3
1144,"Tammy","Andrews",4
1145,"Kathryn","Powell",3
1146,"Michael","Lutz",3
1147,"Brian","Myers",4
1148,"Maria","Adams",5
1150,"Daniel","Stephens",3
1153,"Desiree","Moore",4
1154,"Jessica","Turner",4
1155,"Scott","Bishop",4
1156,"Cassandra","Flores",3
1157,"Miguel","Hernandez",5
1159,"Robert","Ross",4
1161,"Rebecca","Smith",4
1163,"Jeremy","Montgomery",4
1165,"Rebecca","Roman",3
1166,"Frank","Lopez",4
1167,"Thomas","Hernandez",3
1168,"Crystal","Miller",3
1169,"Nicholas","Wallace",5
1170,"Arthur","Brown",3
1171,"Corey","Monroe",4
1172,"Angel","Green",6
1174,"Rebecca","Khan",3
1175,"Terry","Dean",4
1176,"Tyler","Martin",3
1177,"Derrick","Hartman",3
1178,"Mark","Stevens",4
1179,"Scott","Tate",3
1180,"Melissa","Deleon",6
1184,"Kenneth","Turner",5
1185,"Lisa","Bailey",4
1186,"Nancy","Fowler",4
1187,"Gabriel","Wilson",6
1188,"Andrea","Barrett",3
1189,"Jessica","Williams",4
1190,"Hector","Cox",5
1192,"Adam","Wallace",3
1193,"Kelly","Harris",3
1196,"Ryan","Sutton",4
1197,"Rick","Garcia",3
1198,"Frank","Schmitt",5
1199,"Alan","Mcgrath",6
1200,"Lauren","Gomez",6
1201,"Katherine","Taylor",5
1204,"Brooke","Burnett",3
1205,"Ronald","Lane",4
1207,"Nancy","Esparza",3
1209,"Heather","Davis",3
1211,"Tracy","Garcia",3
1212,"Brenda","Rhodes",4
1213,"Sarah","Brooks",4
1214,"Jennifer","Beck",3
1215,"Allison","Bond",6
1217,"Carol","Nguyen",4
1220,"Linda","George",4
1221,"Larry","Bruce",4
1222,"Charles","Myers",3
1223,"Matthew","Boyd",3
1224,"Ronald","Brewer",4
1225,"Kimberly","Mcgee",4
1227,"David","Coffey",3
1229,"Holly","Richardson",5
1230,"Justin","Brooks",4
1231,"Joan","Frederick",6
1232,"Loretta","Webb",4
1233,"Toni","Zimmerman",4
1234,"Jaime","Houston",3
1235,"Jacqueline","Goodman",3
1236,"Brian","Crawford",3
1237,"John","Reynolds",4
1239,"Dawn","Flores",3
1240,"Christie","Lane",6
1241,"Traci","Johnson",6
1242,"Robert","Hartman",3
1243,"Christopher","Porter",3
1244,"Phillip","Lynch",3
1246,"Jesse","Johnson",4
1247,"Donna","Andrews",5
1248,"Timothy","Hall",4
1249,"Amy","Hicks",3
1250,"Susan","Wall",3
1251,"David","Fields",4
1252,"Terri","Lyons",4
1253,"Eric","Jones",3
1254,"Betty","Nguyen",3
1255,"Albert","Anderson",3
1256,"Katrina","Montgomery",4
1258,"Kathleen","Potts",3
1259,"Melissa","Edwards",3
1260,"Mark","Delgado",3
1262,"Ryan","Ruiz",4
1264,"Amanda","Edwards",3
1265,"Emily","Waters",3
1266,"John","Stevenson",4
1267,"Kevin","Hoffman",4
1269,"Jessica","Smith",5
1270,"Shannon","Martinez",3
1271,"Kenneth","Baker",6
1273,"Ryan","Hensley",4
1274,"Sharon","Stephenson",5
1275,"Shawn","Cameron",3
1276,"Stephanie","Kennedy",3
1277,"Hayley","Abbott",3
1278,"Rachel","Jacobs",3
1279,"Danielle","Tran",3
1280,"Autumn","Barrett",3
1281,"Jennifer","Landry",5
1283,"Ryan","Long",3
1284,"Robert","Hancock",5
1285,"Stephanie","Rodriguez",3
1286,"Kristen","Evans",4
1289,"Lucas","Jenkins",6
1290,"Aaron","Ortiz",3
1291,"Todd","Stephens",4
1293,"Susan","Perez",3
1295,"Rebecca","Daniel",5
1296,"Alexandria","Harris",4
1297,"Danny","Taylor",4
1298,"Amanda","Evans",3
1300,"Jesus","Jones",5
1301,"April","Spence",3
1302,"Christopher","Lopez",4
1303,"Mario","Hopkins",4
1304,"Cody","Burke",5
1306,"Robert","Brown",4
1308,"Elizabeth","Smith",5
1309,"Jennifer","Martin",4
1310,"David","Smith",5
1311,"Lori","Johnson",4
1313,"Stacy","Collins",4
1314,"Timothy","Bailey",4
1315,"Susan","Gonzalez",4
1318,"Gregory","Barton",5
1319,"Dakota","Clark",3
1320,"Robin","Leonard",4
1324,"Jeffrey","Andrews",5
1325,"Christina","Martinez",5
1326,"Samuel","Becker",4
1327,"Carlos","Flynn",5
1328,"Roberto","Martin",3
1332,"Angela","Collins",4
1335,"Bryan","Mitchell",4
1336,"Katie","Clark",3
1337,"Kathleen","Simpson",5
1339,"Derrick","Ortiz",4
1340,"Calvin","Huynh",4
1343,"Kimberly","Wood",3
1344,"Gina","Kennedy",4
1345,"Jeremy","Ward",4
1346,"Patricia","Rhodes",6
1347,"Connie","Colon",3
1348,"Pamela","Moyer",6
1350,"Sean","Malone",3
1352,"Kevin","Diaz",3
1353,"Beth","Jones",4
1356,"Angela","King",3
1357,"Lauren","Arias",3
1361,"William","Lee",6
1362,"Christopher","Bowen",4
1363,"David","Bradford",3
1365,"Joseph","Blake",5
1366,"Christina","Velasquez",4
1367,"Thomas","Calderon",5
1368,"Jorge","Lee",4
1370,"Vincent","Wilson",3
1373,"James","Tate",4
1374,"Charles","May",3
1375,"Jeremiah","Lee",3
1376,"Debra","Reynolds",4
1377,"Eric","Doyle",4
1378,"John","Perez",4
1381,"Shelley","Murphy",3
1382,"Robin","Carr",5
1383,"Julie","Lambert",5
1384,"Cynthia","Rodriguez",5
1386,"Patricia","Pope",3
1388,"Steven","Richardson",3
1389,"Deborah","Hood",3
1390,"Laura","Campbell",3
1392,"Angela","Moran",5
1393,"Samuel","Lee",4
1395,"Joseph","Erickson",5
1396,"Bradley","Cook",5
1397,"Tony","Montgomery",6
1398,"Drew","Williams",4
1399,"Gwendolyn","Martinez",3
1400,"Nathan","Calhoun",4
1401,"Krista","Myers",3
1403,"Nicholas","Lester",4
1404,"Jennifer","Ford",3
1405,"Connor","Mitchell",4
1406,"Christine","Nelson",4
1409,"Stacy","Sanders",4
1411,"Julie","Nichols",4
1413,"William","Ryan",4
1414,"Joseph","Phillips",3
1416,"Laura","Baxter",4
1418,"Kayla","Schwartz",3
1419,"Jason","Myers",4
1420,"Mary","Arnold",6
1422,"Misty","Stewart",4
1423,"Paul","Johnson",4
1424,"Jordan","Rocha",3
1425,"Roger","Dixon",5
1427,"Amanda","Davis",3
1428,"Michael","Ferguson",4
1429,"Melissa","Robinson",4
1430,"Kathryn","Rivera",6
1431,"Javier","Macdonald",5
1432,"Angela","Elliott",6
1433,"Christine","Collins",4
1434,"Calvin","Taylor",4
1437,"Daniel","Thomas",4
1438,"Brian","Hess",6
1439,"Jessica","Mathews",3
1440,"Kathryn","Sanchez",4
1441,"Jeremy","Cook",4
1442,"Michael","Anderson",3
1443,"Olivia","Garza",3
1445,"Jennifer","Gonzales",3
1447,"Anthony","Adams",5
1448,"Ronald","Diaz",4
1450,"Jonathan","Mckay",4
1453,"Richard","Castillo",3
1454,"Peter","Peck",4
1455,"Chris","Greene",3
1456,"Michael","Vance",4
1457,"Joanne","Howard",6
1458,"James","Clarke",3
1459,"Michael","Smith",4
1461,"Ruth","Miller",3
1463,"Allison","Hendricks",6
1464,"Zachary","Lucero",4
1465,"Gregory","Ryan",3
1466,"Jacob","Hall",4
1467,"Mark","Wright",6
1468,"Jennifer","Wright",4
1469,"Kimberly","Dyer",4
1472,"Christine","Hernandez",3
1473,"Christine","Smith",4
1474,"Mark","Robinson",5
1476,"Shelby","Lewis",3
1478,"Cynthia","Martinez",4
1479,"Kevin","Holt",3
1481,"Timothy","Fowler",4
1482,"Samantha","Ibarra",4
1483,"Michelle","Guerrero",4
1486,"David","Jimenez",4
1488,"Thomas","Montoya",3
1489,"Brenda","Houston",3
1490,"Daniel","Lee",6
1492,"Rachel","Salas",4
1493,"Oscar","Benjamin",5
1494,"Debra","Brown",3
1495,"Jennifer","Martin",5
1496,"Jeffrey","Conley",3
1497,"Cory","Cook",3
1498,"David","Walters",3
1500,"Stacey","Williams",3
1501,"Beth","Stephens",3
1505,"Cynthia","White",3
1506,"Samantha","Hopkins",4
1507,"Destiny","Rhodes",3
1508,"Jessica","Jones",5
1509,"Mark","Smith",5
1510,"Maureen","Cain",3
1511,"Jennifer","Fuentes",3
1512,"Jennifer","Arnold",5
1513,"Laura","Smith",3
1514,"David","Shaw",3
1516,"Hayley","Johnson",5
1519,"Andrew","Stanley",3
1520,"Mary","Taylor",5
1521,"Mindy","Jones",3
1522,"John","Powell",3
1523,"Amanda","Padilla",6
1524,"Kevin","Koch",3
1527,"Peter","Vargas",3
1529,"Stephanie","Jones",3
1531,"Eduardo","Brown",6
1533,"Craig","Carter",3
1535,"Valerie","Nichols",3
1536,"Brian","Garcia",3
1537,"Renee","Smith",3
1543,"Jose","Hodge",6
1544,"Steve","Kelly",3
1548,"William","Clay",4
1549,"Nicholas","Shea",3
1550,"Heidi","Ellis",4
1551,"Cassandra","Mills",6
1552,"Robert","Hart",4
1553,"Natalie","Garrison",5
1554,"Melissa","Campbell",4
1557,"Keith","Hunt",4
1558,"Kevin","Turner",4
1559,"Shane","Washington",3
1561,"Anna","Lane",3
1562,"Catherine","Ibarra",5
1563,"Brian","Adams",3
1564,"Michael","James",3
1566,"Anthony","Walton",4
1567,"Meghan","Lewis",4
1570,"Eric","Heath",3
1572,"Paul","Miller",3
1574,"Paula","Hernandez",6
1575,"Aaron","Ortega",3
1576,"Jonathan","Carter",4
1578,"Anita","Carter",4
1579,"Madeline","Holmes",4
1580,"Luis","Klein",4
1581,"Laura","Thornton",3
1582,"William","Ball",3
1583,"Kristin","Gilbert",6
1584,"Aaron","Ware",3
1585,"Danny","Carlson",6
1586,"Julie","Adkins",3
1588,"Jason","Thomas",5
1589,"Zachary","Houston",4
1590,"Donna","Hoffman",4
1591,"Austin","Sanders",6
1592,"Leslie","Mercado",5
1593,"Derrick","Tucker",5
1595,"Rhonda","Smith",4
1596,"Isaac","Santos",3
1598,"Amanda","Peterson",4
1599,"Cynthia","Weeks",5
1601,"Joseph","Patterson",4
1602,"Jill","Davis",3
1603,"Amy","Moore",5
1604,"Eric","Matthews",3
1605,"Tamara","Bennett",4
1606,"Maria","Perkins",6
1607,"Jillian","Reed",3
1609,"Tina","Smith",5
1611,"Heidi","Johnson",3
1612,"Joshua","Davis",4
1613,"Laura","Sanders",5
1614,"Evan","Francis",4
1616,"Bobby","Miller",3
1617,"Justin","Brooks",6
1618,"Kayla","Krueger",4
1619,"Justin","Kim",3
1620,"Christian","Blankenship",6
1621,"Todd","Williams",4
1622,"Victoria","Perez",4
1624,"Christopher","Meyer",6
1625,"Christopher","Fleming",3
1626,"Karen","Ramsey",3
1628,"Gary","Odonnell",5
1629,"Ann","Scott",6
1630,"Jessica","Jackson",3
1631,"Lauren","Morrison",5
1632,"Alexander","Brown",4
1633,"Thomas","Smith",3
1635,"Robin","Daniel",3
1636,"Anthony","Peterson",4
1637,"Ashley","Blankenship",3
1638,"Jennifer","Stewart",3
1639,"James","Compton",6
1641,"Stephanie","Green",5
1642,"Garrett","Nichols",4
1643,"Erica","Lopez",3
1644,"Lisa","Benitez",4
1645,"Cheryl","Gutierrez",4
1646,"Stephen","Hawkins",6
1647,"Natalie","Williams",4
1648,"Anthony","Arnold",6
1649,"Deanna","Coleman",5
1650,"Lisa","Barber",3
1652,"Amy","White",6
1653,"Beverly","Chavez",4
1654,"Richard","Cortez",4
1655,"Kevin","Morgan",3
1657,"Lori","Roberts",6
1658,"Robert","Kirby",3
1659,"Eric","Ross",3
1661,"Kenneth","Gallagher",3
1664,"Matthew","Bartlett",4
1666,"Daniel","Brewer",4
1668,"Nicholas","Conrad",6
1669,"Emma","Morris",3
1670,"David","Brown",4
1671,"Charlotte","Zuniga",5
1672,"Luis","Knight",5
1673,"Matthew","Moore",6
1674,"Jennifer","Chan",5
1675,"Christopher","Evans",3
1676,"Tara","Haynes",3
1679,"Patricia","Rivera",4
1681,"Scott","Baxter",6
1682,"Kyle","Rubio",3
1684,"Andre","Graham",4
1685,"Christine","Rivera",3
1686,"William","Holt",3
1687,"Tammy","Morris",3
1688,"Kimberly","Bates",5
1689,"Sheena","Murphy",4
1690,"Robert","Mccall",3
1694,"Angel","Williams",5
1695,"Ronald","Palmer",3
1696,"Dustin","Stanley",4
1697,"Jennifer","Lewis",5
1698,"Mark","Gardner",6
1699,"Laura","Barber",4
1700,"Nicole","Weeks",4
1701,"Ricky","Walker",4
1702,"Whitney","Walls",4
1703,"Catherine","May",3
1706,"Deborah","Miller",4
1707,"David","Hoffman",4
1708,"Rebecca","Pearson",5
1709,"Mitchell","Walker",3
1710,"James","Sherman",3
1711,"Justin","Johnson",3
1713,"Jesse","Melton",6
1714,"Jon","Mendoza",4
1715,"Samantha","Anderson",3
1716,"Lindsay","Love",5
1719,"Brian","Baker",4
1720,"Joshua","Dillon",6
1722,"Kimberly","Shaw",3
1723,"Colleen","Vargas",3
1724,"Mark","Mathews",3
1725,"Teresa","Lopez",4
1726,"Laura","Allen",3
1727,"Lisa","Sosa",3
1731,"Keith","Smith",4
1732,"Eric","Erickson",4
1734,"Kyle","Harrison",4
1736,"Marissa","May",3
1738,"Eric","Obrien",5
1739,"Kevin","Joyce",5
1740,"Thomas","Ward",6
1741,"Toni","Smith",3
1742,"Caitlin","Moody",4
1743,"Justin","Ryan",5
1744,"Joseph","Griffin",5
1745,"Dawn","Fox",4
1746,"David","Ochoa",4
1747,"Bonnie","Brown",4
1748,"Michael","Evans",5
1749,"Molly","Meadows",4
1751,"Patricia","Phelps",6
1753,"Anthony","Johns",3
1754,"David","Schmidt",3
1755,"Amanda","Cox",6
1757,"Sydney","Wood",4
1759,"Anthony","Palmer",3
1760,"Christina","Garcia",3
1761,"Misty","Anderson",3
1762,"Shannon","Weber",4
1763,"Jennifer","Palmer",3
1766,"Erin","Cannon",6
1767,"Nicole","Lee",3
1768,"Jacob","Ross",3
1769,"Morgan","Cisneros",4
1770,"Amber","Stuart",6
1772,"Daniel","Gonzalez",5
1773,"Joseph","Jones",6
1774,"Jessica","Hampton",4
1776,"Julie","Black",3
1778,"Chad","Gomez",4
1779,"Andrew","Clark",3
1781,"Jessica","Smith",4
1782,"Thomas","Brooks",4
1783,"Kimberly","Knox",6
1784,"Jamie","Mccarthy",4
1785,"Kristen","Werner",3
1787,"Renee","Smith",5
1788,"Tony","Hopkins",5
1789,"Thomas","Buckley",3
1790,"Debra","Evans",4
1791,"Richard","Bell",5
1792,"Katelyn","Watkins",6
1793,"Michele","Stout",3
1794,"Lisa","Estes",4
1798,"Karen","Rodriguez",6
1799,"Sara","Johnson",5
1800,"Alyssa","Costa",3
1801,"Daniel","Poole",4
1802,"Ricardo","Juarez",5
1803,"Tony","Castillo",4
1804,"Brian","Kelly",6
1805,"Tyler","Moore",3
1808,"Rebecca","Huang",6
1809,"Alan","Santos",6
1810,"Martin","Duran",4
1811,"Christopher","Gutierrez",3
1812,"Brandy","Maldonado",6
1813,"Brenda","Sanders",5
1814,"Drew","Mccann",6
1815,"Joshua","Ayala",4
1817,"William","Khan",4
1819,"John","Fuller",4
1820,"Jeremy","Coleman",4
1821,"Laura","Wright",3
1823,"Christopher","Jensen",3
1824,"Luis","Little",6
1825,"Joseph","Garcia",5
1826,"Michael","York",4
1827,"Debbie","Landry",5
1828,"Michael","Gordon",4
1829,"Melissa","Harris",3
1830,"Jonathon","Wilson",4
1833,"Steven","Webster",4
1834,"Tina","Harrison",6
1835,"Andrew","Nunez",4
1836,"Renee","Cruz",5
1837,"Victoria","Taylor",4
1838,"Joseph","Dixon",4
1839,"Heather","Gutierrez",3
1841,"Danielle","Kelley",4
1844,"Franklin","Riley",5
1846,"Robin","Reeves",5
1847,"Rebecca","Gibbs",3
1848,"Peter","Santos",6
1849,"Daryl","Arnold",4
1850,"Michael","Davis",4
1851,"Leslie","Cox",5
1852,"Jamie","Carter",6
1853,"Shane","Payne",3
1855,"George","Duran",3
1856,"Donald","Carney",4
1857,"Michelle","Brown",6
1858,"Elizabeth","Hawkins",3
1861,"Kyle","Rodriguez",6
1862,"Rhonda","Cook",3
1864,"John","Mitchell",5
1865,"Billy","Compton",4
1866,"Richard","Chavez",3
1867,"Victor","Andrade",3
1868,"Gregory","Lee",3
1870,"Kristopher","Murray",3
1871,"Wanda","Pearson",4
1872,"Denise","Rose",3
1873,"Andrew","Reed",6
1874,"David","Castro",6
1876,"Joshua","Walker",4
1877,"Julie","Rogers",5
1878,"Gina","Gilbert",3
1879,"Miguel","Nicholson",4
1880,"Daniel","Murray",3
1882,"Bridget","Martin",5
1883,"Maureen","Hart",4
1884,"Sabrina","Davis",3
1886,"Angela","Koch",4
1891,"Jillian","Arroyo",5
1893,"Brandon","Butler",5
1894,"Erica","Valdez",3
1896,"James","Simpson",3
1898,"Nicole","Smith",3
1900,"Brian","Chan",3
1901,"Katherine","Norman",4
1902,"Pamela","Gomez",3
1904,"Luke","Hernandez",3
1906,"Carla","Jackson",4
1909,"Sarah","Hansen",6
1910,"Amy","Dominguez",4
1911,"Mark","Jacobs",5
1912,"Melissa","Mendoza",4
1914,"Michael","Webb",4
1916,"Jeffrey","Miller",5
1917,"Rebecca","Castillo",4
1918,"Amanda","Green",5
1919,"Joseph","Hess",6
1920,"Kyle","Novak",6
1921,"Kara","Coleman",3
1922,"Daniel","Martin",4
1923,"Andrea","Richards",4
1924,"Sydney","Clay",5
1925,"Jeremy","Tran",6
1927,"Antonio","Beasley",3
1928,"Michelle","Lopez",3
1929,"Catherine","Brooks",3
1930,"Anita","Gonzalez",3
1931,"James","Hudson",5
1932,"Alicia","Rodriguez",3
1933,"Tracy","Martinez",3
1939,"Michael","Adams",6
1941,"Matthew","Gonzalez",5
1942,"Lisa","Palmer",4
1943,"Andrew","Olson",4
1945,"Benjamin","Marks",4
1946,"Christopher","Gonzales",4
1948,"Tracy","Hendricks",3
1951,"Vicki","Jackson",4
1952,"Anne","Malone",4
1953,"Danielle","Johnson",6
1954,"Willie","Miller",4
1955,"Andrea","Delgado",4
1956,"Melanie","Clark",3
1957,"Jessica","Beasley",6
1958,"Cindy","Bradley",3
1959,"Dennis","Richardson",3
1960,"Peggy","Hoover",4
1961,"Peter","Rice",4
1962,"Sabrina","Perez",3
1963,"Michael","Parker",6
1964,"David","Calderon",6
1965,"James","Gordon",3
1967,"Paul","Bailey",4
1968,"Tiffany","Smith",3
1969,"Victoria","Alvarez",3
1971,"James","Bryant",3
1973,"Beverly","Dawson",4
1974,"Lisa","Stewart",5
1975,"Dwayne","Sims",4
1976,"Ashley","Fleming",3
1977,"Lisa","Stafford",3
1978,"Kristin","Garcia",3
1980,"Allison","Henderson",5
1981,"Alison","Palmer",5
1983,"Debra","Gilbert",4
1984,"Mary","Jackson",3
1986,"Benjamin","Williams",5
1987,"David","Frank",5
1988,"Holly","Erickson",3
1990,"Samuel","Baker",4
1991,"Anthony","Moore",3
1992,"Charlotte","Rowe",4
1993,"John","Peterson",4
1994,"Shawn","Ochoa",6
1995,"Steven","Lewis",3
1996,"Alan","Reynolds",3
1998,"Madison","Cross",4
1999,"Brittany","Compton",4
2000,"Natalie","Smith",5
